timestamp_s,trial_id,phase,stimulus_side,norm_x,norm_y,raw_lx,raw_ly,face_detected
1788254424.082288,1,fixation,none,0.006467659164873463,-0.12348679766907844,0.4238521695137024,0.49795294404029844,True
1788254424.0962877,1,fixation,none,0.009832381103574206,-0.1216138649673072,0.4251115024089813,0.49430771470069884,True
1788254424.1342883,1,fixation,none,0.017709279809270395,-0.11009612951996184,0.42678054571151736,0.4894725620746613,True
1788254424.1658177,1,fixation,none,0.0124607191705145,-0.12573058012028837,0.42721218466758726,0.4853307604789734,True
1788254424.1988177,1,fixation,none,0.010207180751243938,-0.10639560510492263,0.4281654357910156,0.48142244219779967,True
1788254424.2318242,1,fixation,none,0.02419411688075679,-0.1073413065142651,0.4297738552093506,0.47998655438423155,True
1788254424.2593236,1,fixation,none,0.02223546474846494,-0.09447116505562725,0.4305862784385681,0.47763935327529905,True
1788254424.2978356,1,fixation,none,0.01976188580964333,-0.08362577065621846,0.43177483677864076,0.4772596836090088,True
1788254424.3225887,1,fixation,none,0.011450881557018344,-0.07318190260083157,0.43243391513824464,0.47607128620147704,True
1788254424.3608408,1,fixation,none,0.016739964168017152,-0.0764455391203942,0.4329980373382568,0.4759331285953522,True
1788254424.3896313,1,fixation,none,0.010184168435705465,-0.06479177009983927,0.43315678238868716,0.4751966655254364,True
1788254424.4225075,1,fixation,none,0.00406261145864284,-0.05420238426100843,0.43384642004966734,0.4759278655052185,True
1788254424.4555311,1,fixation,none,0.010921797722190485,-0.07290802547197928,0.4340847969055176,0.47652509808540344,True
1788254424.5120738,1,fixation,none,0.000942271328825961,-0.04803476017184294,0.43383392691612244,0.4768052399158478,True
1788254424.5320716,1,fixation,none,0.004632698654401746,-0.07070734137955492,0.4336963713169098,0.476742148399353,True
1788254424.5651433,1,fixation,none,0.00492504919995318,-0.060111215649010674,0.43351357579231264,0.4780036866664886,True
1788254424.6021445,1,fixation,none,0.0031391242138442133,-0.054726024712231425,0.43364554047584536,0.4777229011058807,True
1788254424.6301434,1,fixation,none,0.0012095908954088408,-0.050728561758662805,0.4339473247528076,0.47855181694030763,True
1788254424.656979,1,fixation,none,0.001201050206031451,-0.058785324736868816,0.43410931825637816,0.4793874740600586,True
1788254424.6985078,1,fixation,none,-0.004041616465453757,-0.04929425663999021,0.43418208360671995,0.48087277412414553,True
1788254424.7284155,1,fixation,none,0.0050435808707816054,-0.05403678137116885,0.4346549093723297,0.4844193637371063,True
1788254424.7544281,1,fixation,none,-0.0016286324405534458,-0.05351306771003794,0.43456591963768004,0.4858834147453308,True
1788254424.7953951,1,fixation,none,-0.006933414589897824,-0.0823890085444714,0.4337144196033478,0.48757234811782835,True
1788254424.8234427,1,fixation,none,5.2481616608313075e-05,-0.09262132096450604,0.4329262971878052,0.48960691690444946,True
1788254424.856561,1,fixation,none,0.005829670794725517,-0.0910367372718126,0.43158442378044126,0.491998428106308,True
1788254424.8850925,1,fixation,none,-0.001337386967181886,-0.09726665791479072,0.4299390137195587,0.4938526272773743,True
1788254424.9373846,1,fixation,none,0.0047034202898298405,-0.1035486610115367,0.42922891974449157,0.49644177556037905,True
1788254424.9704201,1,fixation,none,0.006695514565007943,-0.10147035686362638,0.4284588873386383,0.4980118453502655,True
1788254424.9935045,1,fixation,none,0.008204246247386693,-0.12508911159173808,0.4279507875442505,0.4991925239562988,True
1788254425.033507,1,fixation,none,0.0033324091801395506,-0.11816359324181303,0.42695282101631166,0.4999778151512146,True
1788254425.0625064,1,fixation,none,0.008214597788542943,-0.10968914257909956,0.4266132593154907,0.49996036291122437,True
1788254425.0910149,1,fixation,none,0.0073972059522980915,-0.12778982340753875,0.4267585873603821,0.49989491105079653,True
1788254425.125015,1,fixation,none,0.007754581547950168,-0.11035338015923712,0.42624295949935914,0.5006310164928436,True
1788254425.1549783,1,fixation,none,0.01379848867882738,-0.10016527028415934,0.42623629570007326,0.49994357824325564,True
1788254425.1849313,1,fixation,none,0.013751239869950305,-0.11396165612370335,0.42615017890930174,0.5000738322734832,True
1788254425.2250738,1,fixation,none,0.012349294721623938,-0.11889598909314425,0.42615398168563845,0.500152838230133,True
1788254425.249082,1,fixation,none,0.016887795814018558,-0.10974537191364875,0.4261994004249573,0.49982242584228515,True
1788254425.2903414,1,fixation,none,0.018908320900815845,-0.12714183281888203,0.4263694226741791,0.4989398241043091,True
1788254425.3154213,1,fixation,none,0.016910726814487353,-0.11737214978625543,0.42616099715232847,0.49845747351646424,True
1788254425.3675935,1,fixation,none,0.01779034729854423,-0.11687088010277358,0.426492440700531,0.49832316637039187,True
1788254425.3954597,1,fixation,none,0.021046262649831893,-0.1277514684091623,0.4265217661857605,0.49809500575065613,True
1788254425.433673,1,fixation,none,0.016623473675851597,-0.09757076114468921,0.42673359513282777,0.4979640543460846,True
1788254425.4662974,1,fixation,none,0.017752360749136442,-0.1117862584613587,0.4267682731151581,0.49816455245018004,True
1788254425.4924762,1,fixation,none,0.014963648543956043,-0.11706255964602597,0.4266660749912262,0.49807706475257874,True
1788254425.5305333,1,fixation,none,0.016145327803051557,-0.10926970604045316,0.42720636129379275,0.497785872220993,True
1788254425.5605474,1,fixation,none,0.018409508405468733,-0.10426123738233106,0.42690653204917905,0.4974283933639526,True
1788254425.5870168,1,fixation,none,0.013986675767429957,-0.11400159422467104,0.4269618809223175,0.4976903319358826,True
1788254425.626533,1,fixation,none,0.01316826375216007,-0.11813435819217477,0.4269481420516968,0.49792602062225344,True
1788254425.6505356,1,fixation,none,0.012151861490878435,-0.1093968597150089,0.4267119288444519,0.4979438543319702,True
1788254425.6863184,1,fixation,none,0.015428509986019523,-0.10422079520612337,0.4267488598823547,0.49776042103767393,True
1788254425.7183986,1,fixation,none,0.017279499088841965,-0.11214779720920154,0.42685991525650024,0.498341953754425,True
1788254425.7473152,1,fixation,none,0.02291086300319367,-0.11927206651169064,0.4267397701740265,0.4989694833755493,True
1788254425.8072016,1,fixation,none,0.0150668656095444,-0.13078074780175086,0.42703878283500674,0.4988147556781769,True
1788254425.8291943,1,fixation,none,0.017375278092661595,-0.11908790489575016,0.42704927921295166,0.49902492165565493,True
1788254425.8617253,1,fixation,none,0.015593967086358851,-0.10920362483388668,0.42628570795059206,0.4996257722377777,True
1788254425.8942454,1,fixation,none,0.01185736601716847,-0.11638958410480826,0.4261754810810089,0.49976605772972105,True
1788254425.9243224,1,fixation,none,0.013346668290271979,-0.12653919242700495,0.4263052403926849,0.49968782663345335,True
1788254425.9556131,1,fixation,none,0.010258377389298023,-0.11914281808300808,0.42554924488067625,0.5001931309700012,True
1788254425.9939787,1,fixation,none,0.006561282665009549,-0.12870422643608936,0.4256161987781525,0.49947335124015807,True
1788254426.0249748,1,fixation,none,0.013541409242087465,-0.11937714904349273,0.4253446340560913,0.5003941059112549,True
1788254426.0564828,1,fixation,none,0.0132255705688884,-0.10596238574782602,0.4255673110485077,0.500713336467743,True
1788254426.086557,1,fixation,none,0.015183792838754706,-0.1162851186859204,0.42625340819358826,0.5003195583820343,True
1788254426.1185567,1,fixation,none,0.010744119126345097,-0.11762245266528193,0.42618331909179685,0.5006198763847352,True
1788254426.1505632,1,fixation,none,0.011096925663285462,-0.09861548554316502,0.427250063419342,0.5018655180931091,True
1788254426.1851764,1,fixation,none,0.013029940420758446,-0.1268731527157736,0.42675960063934326,0.5017397999763489,True
1788254426.239538,1,fixation,none,0.012947147208318688,-0.10157821109477039,0.42719976902008056,0.5004832208156585,True
1788254426.2606204,1,fixation,none,0.008192229737846168,-0.1066956147562731,0.42653910517692567,0.5012777268886566,True
1788254426.29547,1,fixation,none,0.013371382946864352,-0.09545034584760403,0.42727130055427553,0.5012333154678345,True
1788254426.3254638,1,fixation,none,0.01197333681544066,-0.10725251729431795,0.427115923166275,0.5007966518402099,True
1788254426.3564684,1,fixation,none,0.012939165605279745,-0.09579156486528029,0.4267267048358917,0.5007177889347076,True
1788254426.3913407,1,fixation,none,0.01606219060195213,-0.1004051539162476,0.42655202746391296,0.5014987111091613,True
1788254426.4233408,1,fixation,none,0.018279153240159052,-0.11100317939466575,0.426856529712677,0.5014984965324402,True
1788254426.455202,1,fixation,none,0.01654340310897895,-0.12615978617132606,0.42726131677627566,0.5020403385162353,True
1788254426.4847257,1,fixation,none,0.015147371470362603,-0.1137865389645133,0.4273070991039276,0.502139949798584,True
1788254426.5157208,1,fixation,none,0.015490596449617366,-0.10833435571903505,0.4271020829677582,0.5020419359207153,True
1788254426.551903,1,fixation,none,0.007332615108059826,-0.10836063420483744,0.42764454483985903,0.502533745765686,True
1788254426.582943,1,fixation,none,0.019612084327085944,-0.12307378931140289,0.42773001194000243,0.5025360405445098,True
1788254426.613634,1,fixation,none,0.013441768318915859,-0.10590733065118374,0.42882258296012876,0.5025341093540192,True
1788254426.667192,1,fixation,none,0.023130612345686585,-0.11443680281456081,0.4282775163650513,0.5025320231914521,True
1788254426.6978304,1,fixation,none,0.012034761591236287,-0.11324809259596913,0.4287508070468903,0.502490109205246,True
1788254426.7248306,1,fixation,none,0.012498547916444891,-0.1222929570488327,0.4290203988552094,0.5026906490325928,True
1788254426.7598987,1,fixation,none,0.014418146728477743,-0.12690622147343456,0.42922769784927367,0.5026961445808411,True
1788254426.789018,1,fixation,none,0.01676052262493133,-0.10601042739749778,0.42865055799484253,0.5023030877113343,True
1788254426.8199406,1,fixation,none,0.021172238867929405,-0.10835203316006414,0.4284795939922333,0.5023513257503509,True
1788254426.8559515,1,fixation,none,0.01658740993806529,-0.12492947232433316,0.4290092051029205,0.5026008546352386,True
1788254426.8851452,1,fixation,none,0.01552511021296088,-0.11726747468507082,0.4287800550460815,0.5028056204319,True
1788254426.917226,1,fixation,none,0.015757829084554142,-0.13149945579808553,0.4287943959236145,0.5024292528629303,True
1788254426.9542375,1,fixation,none,0.021569063371553843,-0.12599335044827742,0.42828032970428465,0.5024674415588379,True
1788254426.9827502,1,fixation,none,0.011080571398621286,-0.1215950273628601,0.42806968092918396,0.5026131272315979,True
1788254427.0140584,1,fixation,none,0.009920966477843574,-0.12102605951660106,0.4275073349475861,0.5027501463890076,True
1788254427.0429792,1,fixation,none,0.020840599037479035,-0.1281628324827352,0.4276301026344299,0.5029364585876465,True
1788254427.0980003,1,fixation,none,0.014376255111296588,-0.11884055497473744,0.42716907262802123,0.5025554716587066,True
1788254427.1240048,1,stimulus,right,0.005544629622776909,-0.10490938321484977,0.4264342188835144,0.5036054253578186,True
1788254427.154006,1,stimulus,right,0.008811898300915666,-0.1339821530041012,0.42611080408096313,0.5035967588424682,True
1788254427.1888201,1,stimulus,right,0.005784001008247275,-0.1139181206797737,0.4257854759693146,0.5036973536014557,True
1788254427.2229323,1,stimulus,right,0.011986049848825231,-0.12598377732996058,0.4255623877048492,0.5040872454643249,True
1788254427.249349,1,stimulus,right,0.012025075383483186,-0.11441188422167503,0.4258795380592346,0.5037754476070404,True
1788254427.291381,1,stimulus,right,0.012865205555340764,-0.12338021663908783,0.42575570940971375,0.5040947794914246,True
1788254427.3152823,1,stimulus,right,0.012869379706191064,-0.12738497110017266,0.425939679145813,0.5038054466247559,True
1788254427.3535044,1,stimulus,right,0.017283637742045777,-0.131842820941257,0.42568065524101256,0.5044387340545654,True
1788254427.3843944,1,stimulus,right,0.01657477926774542,-0.10965052324232416,0.4255117893218994,0.5047936558723449,True
1788254427.4143949,1,stimulus,right,0.015392319606390426,-0.12503973085570963,0.4257526695728302,0.5049704909324646,True
1788254427.4475837,1,stimulus,right,0.020829565303370434,-0.1124632629929827,0.4256688117980957,0.5053513467311859,True
1788254427.4726813,1,stimulus,right,0.01786613624854716,-0.10430749210851031,0.42537538409233094,0.5054172217845917,True
1788254427.534344,1,stimulus,right,0.014514792372015584,-0.13152909864243123,0.42511842846870423,0.5048488914966583,True
1788254427.5573606,1,stimulus,right,0.014253561196860387,-0.10664581812700424,0.42537534832954405,0.5057522416114807,True
1788254427.5933242,1,stimulus,right,0.014570996259976599,-0.10799993483289672,0.42520569562911986,0.5054436087608337,True
1788254427.6183226,1,stimulus,right,0.009849774876306117,-0.1068762108307112,0.4241857588291168,0.5065522789955139,True
1788254427.659342,1,stimulus,right,0.006712252189289503,-0.14862525186361597,0.42132089734077455,0.5057598769664764,True
1788254427.6823134,1,stimulus,right,0.002936674090109004,-0.13095542682247052,0.41945394277572634,0.5063644170761108,True
1788254427.7193134,1,stimulus,right,0.004525937591552065,-0.13405125360908732,0.41860514879226685,0.5060359060764312,True
1788254427.7476883,1,stimulus,right,0.006366280465961993,-0.14461938896867088,0.41765694618225097,0.5055186927318573,True
1788254427.779316,1,stimulus,right,0.004542512996951298,-0.12908300602858036,0.4169158399105072,0.5055644690990448,True
1788254427.816045,1,stimulus,right,0.011736072313358936,-0.14526021794717492,0.41652111411094667,0.5055394470691681,True
1788254427.8410487,1,stimulus,right,0.01129337264352781,-0.13714248743003132,0.41657097935676574,0.5062114596366882,True
1788254427.8785796,1,stimulus,right,0.011213941919924308,-0.14979510617183833,0.4156415402889252,0.5052360117435455,True
1788254427.910502,1,stimulus,right,0.018058046176959386,-0.14794879673649874,0.41532411575317385,0.5054065585136414,True
1788254427.9683392,1,stimulus,right,0.008845269646777676,-0.13749112111203576,0.41479982137680055,0.5057433843612671,True
1788254427.9882615,1,stimulus,right,0.011396418098096994,-0.13497298182241502,0.4150539994239807,0.5064159274101258,True
1788254428.02326,1,stimulus,right,0.010274321502592887,-0.13786898699630556,0.41457234025001527,0.5062251448631286,True
1788254428.0512593,1,stimulus,right,0.01863200190929648,-0.1289652587892951,0.41470109224319457,0.506050169467926,True
1788254428.0857298,1,stimulus,right,0.00980609593038817,-0.12226147271015819,0.41446067690849303,0.5064643144607544,True
1788254428.1167295,1,stimulus,right,0.009528659572637821,-0.1379664166163952,0.4143595576286316,0.5065349161624908,True
1788254428.1510837,1,stimulus,right,0.006741300915294901,-0.1348325404519689,0.4141596078872681,0.506436562538147,True
1788254428.1822205,1,stimulus,right,0.006138934408843166,-0.13563037891695806,0.41401438117027284,0.5058589458465577,True
1788254428.212865,1,stimulus,right,0.0062544759236981,-0.14023316779984096,0.4141672194004059,0.5065608978271484,True
1788254428.2458067,1,stimulus,right,0.00785660923689735,-0.127856967035475,0.414182984828949,0.5060866475105286,True
1788254428.2740839,1,stimulus,right,0.0022993105419685245,-0.13297630500161384,0.4142494976520538,0.506722766160965,True
1788254428.3090096,1,stimulus,right,0.009262791694053751,-0.13898769465138905,0.4142645299434662,0.5069835782051086,True
1788254428.3420682,1,stimulus,right,0.011835088709267971,-0.13337407428586534,0.4142929971218109,0.5068147361278534,True
1788254428.4011514,1,stimulus,right,0.008731801412525275,-0.1473339092352055,0.4140085756778717,0.506666898727417,True
1788254428.4198523,1,stimulus,right,0.008220552684163218,-0.1319962130191603,0.41406185626983644,0.506709885597229,True
1788254428.4550488,1,stimulus,right,0.009951533130869161,-0.1456261046384899,0.41367062330245974,0.5062320232391357,True
1788254428.481581,1,stimulus,right,0.012329524975328243,-0.12966228402748936,0.41362539529800413,0.506145578622818,True
1788254428.5151303,1,stimulus,right,0.010544846183650036,-0.1322367849120918,0.41374621987342836,0.5065369009971619,True
1788254428.5538776,1,stimulus,right,0.006099706550752426,-0.12503193409953328,0.4134317457675934,0.5061880946159363,True
1788254428.578915,1,stimulus,right,0.003581604783774006,-0.1578677145170777,0.4131814122200012,0.506257164478302,True
1788254428.6139143,1,stimulus,right,0.007480322001472639,-0.13856020952097725,0.4129988431930542,0.5056596577167511,True
1788254428.650275,1,stimulus,right,0.006541283511726226,-0.15796462825554758,0.41309489607810973,0.5063048243522644,True
1788254428.679806,1,stimulus,right,-0.00243858512945061,-0.12605674782281717,0.412833034992218,0.5064838826656342,True
1788254428.705804,1,stimulus,right,0.013115871932271261,-0.13674896257389235,0.4128483414649963,0.506609171628952,True
1788254428.7438126,1,stimulus,right,0.0025071311459395895,-0.13206765498979867,0.4128368079662323,0.5068541884422302,True
1788254428.770354,1,stimulus,right,0.004126271996282238,-0.14659076725367837,0.4129365622997284,0.5063169717788696,True
1788254428.8253486,1,stimulus,right,0.006446933422058598,-0.13537919651415753,0.4125753819942474,0.506679916381836,True
1788254428.8563554,1,stimulus,right,0.011294962528426433,-0.1515736142378934,0.4125771164894104,0.5066389918327332,True
1788254428.8849492,1,stimulus,right,0.012801086288764085,-0.1429086980370161,0.41273348331451415,0.5075890779495239,True
1788254428.917867,1,stimulus,right,0.013973601238196687,-0.1469136815169323,0.41239944100379944,0.5077034533023834,True
1788254428.9479156,1,stimulus,right,0.006086626634351666,-0.13978953775893732,0.41222618222236634,0.507981926202774,True
1788254428.9854445,1,stimulus,right,0.006523242518571393,-0.13965861632220877,0.4120896100997925,0.5075675666332244,True
1788254429.010919,1,stimulus,right,0.016789287409365805,-0.13631619613000234,0.41234570145606997,0.5083185911178589,True
1788254429.0489535,1,stimulus,right,0.009677511625083346,-0.1458773392622399,0.41215415596961974,0.507642412185669,True
1788254429.0778525,1,stimulus,right,0.012596461026148198,-0.14421191988293036,0.412337327003479,0.5079800188541412,True
1788254429.1088536,1,stimulus,right,0.01403237280509484,-0.14179136875190435,0.4119581520557404,0.508079570531845,True
1788254429.4337447,2,fixation,none,0.0051358364348891294,-0.1394883992219832,0.411905974149704,0.5076921045780182,True
1788254429.4572005,2,fixation,none,0.01263650725430987,-0.1498834233514661,0.41053433418273927,0.5077937126159668,True
1788254429.4745538,2,fixation,none,0.01020857042274148,-0.14825393820840116,0.4101050913333893,0.5078138649463654,True
1788254429.517549,2,fixation,none,0.005511321982633932,-0.1279939570135744,0.41025636792182923,0.5084126114845275,True
1788254429.5485554,2,fixation,none,0.012894226643228923,-0.1474318590502277,0.4101721167564392,0.5084195971488953,True
1788254429.574079,2,fixation,none,0.013202945493398954,-0.13172026464631448,0.4102027177810669,0.5092069387435914,True
1788254429.607074,2,fixation,none,0.004900246200642777,-0.13623640705368623,0.4099931180477142,0.5089796304702758,True
1788254429.6370728,2,fixation,none,0.007292589876084277,-0.13571911330713882,0.4099197149276733,0.5087680578231811,True
1788254429.6966126,2,fixation,none,0.009863557179344506,-0.13938490913267687,0.4098161280155182,0.5087842464447021,True
1788254429.7210972,2,fixation,none,0.014344562126200944,-0.14704076371920927,0.40973315238952634,0.5094511032104492,True
1788254429.7482421,2,fixation,none,0.016546834741440142,-0.14623938108383028,0.40990942120552065,0.5085589468479157,True
1788254429.7857807,2,fixation,none,0.009863816443080542,-0.10930331920195668,0.41302396059036256,0.510545289516449,True
1788254429.8157816,2,fixation,none,0.010418208830034303,-0.09516102465463994,0.4157092750072479,0.5104860186576843,True
1788254429.843776,2,fixation,none,0.011230861844664264,-0.09661699039803329,0.4151868760585785,0.5099336802959442,True
1788254429.877065,2,fixation,none,0.011207628331389663,-0.09793976660432158,0.4152208805084229,0.5097944915294648,True
1788254429.9105873,2,fixation,none,0.015931795809344895,-0.10020292442864354,0.4156545877456665,0.5106116533279419,True
1788254429.941592,2,fixation,none,0.00866703831056903,-0.1036512939250287,0.4153764545917511,0.5094516336917877,True
1788254429.9721203,2,fixation,none,0.009390780240493002,-0.10262136714351544,0.4157279789447784,0.5095493018627166,True
1788254430.0051172,2,fixation,none,0.014308743823167602,-0.10283652646092079,0.41591899991035464,0.5084441423416137,True
1788254430.0391479,2,fixation,none,0.017025721042421726,-0.10329209940104367,0.4164860606193542,0.5078698217868804,True
1788254430.0671554,2,fixation,none,0.01374290677790424,-0.10872107541624954,0.41706891655921935,0.5081752955913543,True
1788254430.1248758,2,fixation,none,0.019824372724646655,-0.13038020803927908,0.41791601181030275,0.5081435561180114,True
1788254430.1543746,2,fixation,none,0.011848959646261314,-0.13956397450872582,0.4181844174861908,0.5089593648910522,True
1788254430.1783102,2,fixation,none,0.025127923517609507,-0.13114326483208882,0.4189581096172333,0.5090325832366943,True
1788254430.2197568,2,fixation,none,0.02096245294509569,-0.11348633312557055,0.41923049092292786,0.5089097261428833,True
1788254430.2472048,2,fixation,none,0.014467381524833955,-0.12205904183496485,0.41931754946708677,0.5095554232597351,True
1788254430.276742,2,fixation,none,0.012743896928840481,-0.11804600176795987,0.41941240429878235,0.5093540072441101,True
1788254430.3097408,2,fixation,none,0.013433988186143497,-0.12462359034055481,0.41957876086235046,0.5098331034183502,True
1788254430.3387413,2,fixation,none,0.016468321053818902,-0.13562022895632453,0.4196704804897308,0.5092258036136628,True
1788254430.3771474,2,fixation,none,0.020551507552482806,-0.11950158761187779,0.42008671164512634,0.5094624519348144,True
1788254430.4099376,2,fixation,none,0.02027049135389003,-0.1264833787193671,0.4198593258857727,0.5088134765625,True
1788254430.4410033,2,fixation,none,0.017522019991745075,-0.1283616558327022,0.4199860870838165,0.509088271856308,True
1788254430.4704685,2,fixation,none,0.015788240667679587,-0.13423215573227187,0.4200478196144104,0.5088614344596862,True
1788254430.505213,2,fixation,none,0.018623190470575257,-0.1308086929686313,0.420005863904953,0.5085720121860504,True
1788254430.561161,2,fixation,none,0.014953761214736905,-0.11785114990971646,0.4196778297424316,0.5086050391197204,True
1788254430.5858314,2,fixation,none,0.02118740011414444,-0.12909182446499146,0.4196842074394226,0.5088496565818786,True
1788254430.6168716,2,fixation,none,0.020202026609643098,-0.12256530366570473,0.4192223012447357,0.5088077366352082,True
1788254430.6458642,2,fixation,none,0.01448918594323878,-0.13682988076360125,0.41918897032737734,0.5087889313697815,True
1788254430.6836386,2,fixation,none,0.019980448500168113,-0.14168464547703863,0.4189821362495422,0.5092994809150696,True
1788254430.7116387,2,fixation,none,0.0176498269968004,-0.13585527473793513,0.41870664358139037,0.5097373783588409,True
1788254430.7375758,2,fixation,none,0.015152493577639148,-0.11847243251446571,0.4190823435783386,0.5091180682182312,True
1788254430.7766783,2,fixation,none,0.02196929359702715,-0.11318459935403169,0.4189103662967682,0.508935296535492,True
1788254430.804669,2,fixation,none,0.019900665268428153,-0.13646025266493123,0.4188948392868042,0.5082391679286957,True
1788254430.8396666,2,fixation,none,0.01953142587215606,-0.12209752928112239,0.41886826753616335,0.508219587802887,True
1788254430.865681,2,fixation,none,0.0234357262780559,-0.13394833031867048,0.41886072158813475,0.5081716895103454,True
1788254430.905417,2,fixation,none,0.024743751929351188,-0.13227477552380917,0.41869747042655947,0.50756334066391,True
1788254430.9333208,2,fixation,none,0.012976005177227079,-0.11041067405878002,0.41850889921188356,0.5077776610851288,True
1788254430.9929154,2,fixation,none,0.02425010618681267,-0.11578119741695136,0.4187083601951599,0.5076752543449402,True
1788254431.0139453,2,fixation,none,0.016891715171221677,-0.12617014164814333,0.4186375021934509,0.5068762362003326,True
1788254431.0499504,2,fixation,none,0.013966934801725395,-0.12657234252001015,0.41842749118804934,0.507317453622818,True
1788254431.0764997,2,fixation,none,0.017270120179946002,-0.1379817015636342,0.4183006942272186,0.506724351644516,True
1788254431.1135907,2,fixation,none,0.004957962614100531,-0.12047604023702829,0.4186843574047089,0.5070482790470123,True
1788254431.1386948,2,fixation,none,0.010669576907195166,-0.1291702872217928,0.4183462858200073,0.5073564231395722,True
1788254431.17479,2,fixation,none,0.010419703420227133,-0.12147125854839191,0.4182842493057251,0.5074339628219604,True
1788254431.205789,2,fixation,none,0.010215662304245088,-0.13777807657963126,0.418535178899765,0.5071950376033783,True
1788254431.2387846,2,fixation,none,0.014375726376378739,-0.11907582352394785,0.41824946999549867,0.5075679004192353,True
1788254431.2698836,2,fixation,none,0.017383899999144803,-0.10821465033229438,0.41864016056060793,0.5074160695075989,True
1788254431.298201,2,fixation,none,0.016564750220296465,-0.11648383527947148,0.4185465157032013,0.5074617743492127,True
1788254431.3390071,2,fixation,none,0.012823053494525505,-0.11167728318571224,0.4183813750743866,0.5071860969066619,True
1788254431.3600125,2,fixation,none,0.015778137206109433,-0.12096065788445631,0.4188412964344025,0.5079679965972901,True
1788254431.4220343,2,fixation,none,0.01593343881039233,-0.11900473135000134,0.41839677691459654,0.5079211056232452,True
1788254431.4519467,2,fixation,none,0.012430776189639059,-0.10727867211765141,0.4184791386127472,0.508070307970047,True
1788254431.4764915,2,fixation,none,0.014349100113772217,-0.11728699130401055,0.41871878504753113,0.5076650738716125,True
1788254431.513299,2,fixation,none,0.019751678124638627,-0.13046197613467791,0.4186683714389801,0.5081764280796051,True
1788254431.5403013,2,fixation,none,0.017194148640715112,-0.12241713024326961,0.4186501562595367,0.5080771744251251,True
1788254431.574391,2,fixation,none,0.016870120293851598,-0.11515488898719295,0.4186753213405609,0.5080206990242004,True
1788254431.6023896,2,fixation,none,0.012982877509438495,-0.10231210563557269,0.4184825599193573,0.5079733848571777,True
1788254431.6405509,2,fixation,none,0.017058067229782092,-0.12246966737165699,0.418796443939209,0.5079426050186158,True
1788254431.6676364,2,fixation,none,0.009911889856541012,-0.10664741648540044,0.41828542947769165,0.5083560824394227,True
1788254431.7034898,2,fixation,none,0.01577348135573342,-0.12865224316103308,0.41849693059921267,0.5083917796611785,True
1788254431.7309172,2,fixation,none,0.018397833771695793,-0.1357036640142537,0.41864961981773374,0.5082920789718628,True
1788254431.7659676,2,fixation,none,0.016063294514557347,-0.12680581070559604,0.41869720816612244,0.508483761548996,True
1788254431.7994845,2,fixation,none,0.010028063697029244,-0.10677927979302304,0.4187704622745514,0.5091242909431457,True
1788254431.8528972,2,fixation,none,0.016619016123860963,-0.12463774071989397,0.4187440752983093,0.5083185791969299,True
1788254431.8744154,2,fixation,none,0.013543987942992941,-0.12789283873638324,0.41885560750961304,0.5080094933509827,True
1788254431.9134216,2,fixation,none,0.011388583755516324,-0.12000312126458057,0.4185526013374329,0.5082678914070129,True
1788254431.9374216,2,fixation,none,0.012966772778777225,-0.1271496525302106,0.418642646074295,0.5086927950382233,True
1788254431.9789507,2,fixation,none,0.015840720583528367,-0.11888807301057924,0.41919419169425964,0.5089057445526123,True
1788254432.007949,2,fixation,none,0.014926717211233287,-0.0999788502816168,0.41912752389907837,0.5084231793880463,True
1788254432.03795,2,fixation,none,0.011314721868863287,-0.09687021060942369,0.4191123902797699,0.5089130461215973,True
1788254432.0679674,2,fixation,none,0.015223030950420435,-0.1253539479936765,0.41899524331092836,0.5086354911327362,True
1788254432.1041586,2,fixation,none,0.019202568362253203,-0.10619033339498851,0.41912142038345335,0.5085526645183563,True
1788254432.1369474,2,fixation,none,0.012949599072291651,-0.12402801644378303,0.4190938830375671,0.5075821042060852,True
1788254432.1623027,2,fixation,none,0.01785284615264837,-0.09804560034584908,0.41929826736450193,0.5080593943595886,True
1788254432.1977282,2,fixation,none,0.017373613614868,-0.11722244134514925,0.41904947757720945,0.5078892469406128,True
1788254432.2334878,2,fixation,none,0.014869830264213957,-0.09847324557821824,0.4191455006599426,0.5080172657966614,True
1788254432.2851639,2,fixation,none,0.020117917114860773,-0.11262117586769538,0.4189301609992981,0.5080585777759552,True
1788254432.3091311,2,fixation,none,0.013330699002309543,-0.11573639421036364,0.41888834834098815,0.5080035328865051,True
1788254432.3371327,2,fixation,none,0.02139439168859303,-0.11163620790266804,0.41891623139381406,0.5079697608947754,True
1788254432.3802154,2,fixation,none,0.01079112113583014,-0.10920258849247977,0.4183718919754028,0.5091789126396179,True
1788254432.406295,2,fixation,none,0.013955630965517218,-0.10290163958938381,0.4182953417301178,0.5093905806541443,True
1788254432.441342,2,fixation,none,0.016159614744558737,-0.11950132369733724,0.41872087121009827,0.5080006837844848,True
1788254432.4700701,2,stimulus,right,0.01067505854847084,-0.11540686378545861,0.4185840845108032,0.5086042881011963,True
1788254432.4984937,2,stimulus,right,0.017872457585235924,-0.11327266607630593,0.41896492838859556,0.5089570820331574,True
1788254432.5380018,2,stimulus,right,0.02191842991942783,-0.10600125015164186,0.4188059151172638,0.509251844882965,True
1788254432.5680134,2,stimulus,right,0.021386481104325616,-0.11501722493613631,0.4189125716686249,0.5086723089218139,True
1788254432.5966582,2,stimulus,right,0.0152923983943839,-0.12172967605114338,0.4188821792602539,0.5088228285312653,True
1788254432.6287973,2,stimulus,right,0.002937371447897963,-0.116623199334843,0.41851316690444945,0.5095395922660828,True
1788254432.6639807,2,stimulus,right,0.016370471286273225,-0.1289068731789741,0.41854498386383054,0.5089950799942017,True
1788254432.719918,2,stimulus,right,0.011116395034359128,-0.11461184476356567,0.4185718774795532,0.5095989346504212,True
1788254432.7453535,2,stimulus,right,0.02220209275515117,-0.1214661262289034,0.41847341060638427,0.509231036901474,True
1788254432.775489,2,stimulus,right,0.018918937915040956,-0.10529503326322698,0.41843589544296267,0.5096987009048461,True
1788254432.8059697,2,stimulus,right,0.02349437152054379,-0.12414672153658612,0.4186181426048279,0.5093147158622742,True
1788254432.8399699,2,stimulus,right,0.01796853587699465,-0.1137516981804978,0.41842448711395264,0.5095727205276489,True
1788254432.8659816,2,stimulus,right,0.0007813986344599178,-0.12358378861516062,0.41574807167053224,0.5100352346897126,True
1788254432.9088583,2,stimulus,right,-0.006518100795716131,-0.13892495020711004,0.4124430775642395,0.5091474652290344,True
1788254432.9321852,2,stimulus,right,0.018408917984054973,-0.12850619114805673,0.40986945629119875,0.5071854710578918,True
1788254432.9682953,2,stimulus,right,0.0005560529852758345,-0.041069412097221925,0.4029583752155304,0.5050539016723633,True
1788254432.9992883,2,stimulus,right,0.02015982462206123,-0.056947066102755683,0.3958241045475006,0.5016816079616546,True
1788254433.0262878,2,stimulus,right,0.004590569430447444,-0.03178192115708878,0.38822485208511354,0.49791058897972107,True
1788254433.067733,2,stimulus,right,-0.01076347854114268,-0.0750629759613497,0.381799054145813,0.49388072490692136,True
1788254433.0882657,2,stimulus,right,-0.00403346681344563,-0.11821224542832942,0.3761895537376404,0.4925729513168335,True
1788254433.1522698,2,stimulus,right,-0.02257718286090482,-0.10921815761307196,0.37141132950782774,0.4925594389438629,True
1788254433.176841,2,stimulus,right,-0.029928162003845293,-0.0742515991403413,0.36832258105278015,0.49203418493270873,True
1788254433.2034767,2,stimulus,right,0.004904618474581901,-0.10793407134656485,0.36661033034324647,0.4931586980819702,True
1788254433.2374718,2,stimulus,right,0.012264975977186565,-0.05651332949643617,0.3646087825298309,0.4929053783416748,True
1788254433.272088,2,stimulus,right,0.0036706269887917253,-0.08422751858671629,0.36366690397262574,0.49268415570259094,True
1788254433.2990863,2,stimulus,right,0.011312789811974922,-0.054239233268552844,0.3619930624961853,0.49272536635398867,True
1788254433.332949,2,stimulus,right,0.012952285451419798,-0.06753225412652708,0.36094128489494326,0.49113343358039857,True
1788254433.3663023,2,stimulus,right,0.005089148679724986,-0.05147868122982491,0.35967963337898257,0.4917257368564606,True
1788254433.399741,2,stimulus,right,0.019310355328367224,-0.08129600622918365,0.35836946964263916,0.48980104327201845,True
1788254433.4243798,2,stimulus,right,0.0322722369725198,-0.08612677256779,0.35867245197296144,0.4900228679180145,True
1788254433.4623995,2,stimulus,right,0.019101861126684994,-0.07629335239462276,0.3573589861392975,0.49142059683799744,True
1788254433.4957435,2,stimulus,right,0.028458834949873446,-0.0671253942821255,0.3571184575557709,0.4892871856689453,True
1788254433.5248048,2,stimulus,right,0.027142439429074572,-0.07496241673611859,0.35671228766441343,0.4892275333404541,True
1788254433.5772295,2,stimulus,right,0.03075684861744865,-0.12092817512232035,0.3555471897125244,0.49012981057167054,True
1788254433.6082277,2,stimulus,right,0.02664402029439017,-0.08977544084592814,0.3553098201751709,0.4899231791496277,True
1788254433.6352282,2,stimulus,right,0.03894692448551024,-0.11461665464218496,0.3550222635269165,0.4904754340648651,True
1788254433.6699235,2,stimulus,right,0.020790187092288526,-0.10085688505347434,0.35455873012542727,0.48930210471153257,True
1788254433.6995578,2,stimulus,right,0.02816509833057912,-0.09477703886132238,0.35464319586753845,0.4887639045715332,True
1788254433.7348564,2,stimulus,right,0.024858917409357972,-0.11017118610774468,0.35463436245918273,0.4895634472370148,True
1788254433.764858,2,stimulus,right,0.025153204260133788,-0.10856337160934926,0.35435072183609007,0.48903263807296754,True
1788254433.7954974,2,stimulus,right,0.037909289157677994,-0.1158527049645437,0.35453773736953736,0.4894181311130524,True
1788254433.82925,2,stimulus,right,0.02604486525424965,-0.11993983494266658,0.35387364625930784,0.48857975006103516,True
1788254433.8620386,2,stimulus,right,0.026614822393428827,-0.10356938269907878,0.3541802763938904,0.48884811997413635,True
1788254433.893054,2,stimulus,right,0.009368264598088039,-0.13360634856589737,0.35399571657180784,0.48921589851379393,True
1788254433.9260557,2,stimulus,right,0.016150396379659426,-0.11775680716718695,0.3545866131782532,0.48925577402114867,True
1788254433.954495,2,stimulus,right,0.0032181397094512842,-0.12324983985765559,0.35387442708015443,0.48838514685630796,True
1788254434.0162532,2,stimulus,right,0.008450992289669723,-0.10892711730195115,0.35416764616966245,0.4885223686695099,True
1788254434.0391996,2,stimulus,right,0.01845312835757651,-0.09828225088377895,0.3542965829372406,0.4882603585720062,True
1788254434.070212,2,stimulus,right,0.02191537314516745,-0.10727142436558279,0.35432891845703124,0.48960370421409605,True
1788254434.099741,2,stimulus,right,0.017749398551896944,-0.12667581922343696,0.35432584285736085,0.48824801445007326,True
1788254434.1339428,2,stimulus,right,0.02718477021956034,-0.09084340354604681,0.35409359335899354,0.48974868655204773,True
1788254434.164497,2,stimulus,right,0.008340584428882303,-0.1172581016728107,0.3534999489784241,0.48852366805076597,True
1788254434.2022843,2,stimulus,right,0.0066819402174259634,-0.11531250759474698,0.35410913825035095,0.48930923342704774,True
1788254434.2292862,2,stimulus,right,0.002341842348711043,-0.12071754425267123,0.35377434492111204,0.48951934576034545,True
1788254434.259734,2,stimulus,right,0.012390838642612922,-0.0891813583019665,0.35400707721710206,0.49002195000648496,True
1788254434.296862,2,stimulus,right,0.018322953112504536,-0.10712236887740167,0.35404502153396605,0.48982815742492675,True
1788254434.323862,2,stimulus,right,0.010156892189889355,-0.11815155308000636,0.35410036444664,0.49008086919784544,True
1788254434.3575094,2,stimulus,right,0.016441298461021048,-0.10389976970774562,0.354102748632431,0.4909795463085175,True
1788254434.3879917,2,stimulus,right,0.017212836676598342,-0.12211341474202819,0.3537281215190887,0.49051154851913453,True
1788254434.448164,2,stimulus,right,0.004412840549903541,-0.1388501680256634,0.35370338559150694,0.4896921098232269,True
1788254434.7776036,3,fixation,none,0.028916689733795686,-0.12578981897026353,0.35379295945167544,0.49028671383857725,True
1788254434.7946894,3,fixation,none,0.019716225311881996,-0.11527987919471705,0.35364611744880675,0.4890162169933319,True
1788254434.8164546,3,fixation,none,0.014566806246378405,-0.08109161255617447,0.3537896335124969,0.4895630180835724,True
1788254434.8809848,3,fixation,none,0.014821439033153916,-0.10839834453445629,0.3529727280139923,0.4894181191921234,True
1788254434.90399,3,fixation,none,0.021149427590267278,-0.0950818149531133,0.35370157957077025,0.490520715713501,True
1788254434.9359882,3,fixation,none,0.031492295442801965,-0.10673063855425646,0.3538723886013031,0.4900849938392639,True
1788254434.9649882,3,fixation,none,0.027568674710222285,-0.10990482170802673,0.35328307151794436,0.4908092081546783,True
1788254434.9993038,3,fixation,none,0.007910687762166302,-0.10466959303772372,0.3535889983177185,0.4897515714168549,True
1788254435.0363035,3,fixation,none,0.003828191127050018,-0.1222007058459067,0.35314454436302184,0.4892193257808685,True
1788254435.0623097,3,fixation,none,0.002605260407617327,-0.1036412345597324,0.35355089902877807,0.49054536819458006,True
1788254435.091838,3,fixation,none,0.011304521391593547,-0.09017731647275395,0.353922176361084,0.4924164593219757,True
1788254435.1248472,3,fixation,none,-0.002325738528459298,-0.1161748158867999,0.3558906435966492,0.4915839612483978,True
1788254435.155676,3,fixation,none,0.019927291462857988,-0.08390989161485463,0.35990700125694275,0.4904230535030365,True
1788254435.1928265,3,fixation,none,0.005441226938751043,-0.07893178577063042,0.3637638986110687,0.49093292355537416,True
1788254435.2212157,3,fixation,none,0.0034356702274290774,-0.06107111851509317,0.36710461378097536,0.4944881200790405,True
1788254435.2535245,3,fixation,none,0.012359577659805776,-0.1105310302470135,0.37123700976371765,0.4949852764606476,True
1788254435.309106,3,fixation,none,-0.002237188911454191,-0.10021081826664036,0.37505934834480287,0.497568154335022,True
1788254435.334105,3,fixation,none,-0.0175012521842145,-0.07694466112366194,0.37984941005706785,0.5005066156387329,True
1788254435.368607,3,fixation,none,-0.019485995903728015,-0.1270164815340138,0.38523165583610536,0.5018628537654877,True
1788254435.3951313,3,fixation,none,0.007247877621078147,-0.11937039588930665,0.39101805090904235,0.5040683507919311,True
1788254435.4296093,3,fixation,none,0.014703547016691187,-0.0860576562146449,0.3957885026931763,0.5051512658596039,True
1788254435.4596045,3,fixation,none,0.007951758620010962,-0.09931920071443412,0.3994173288345337,0.5066462695598603,True
1788254435.4989135,3,fixation,none,-0.0011334526288937496,-0.10394951716604783,0.403666752576828,0.5097663879394532,True
1788254435.5219135,3,fixation,none,0.011174795369062518,-0.10008465172814363,0.4072235763072968,0.5097952723503113,True
1788254435.5589135,3,fixation,none,0.010975952852967374,-0.0898546576741176,0.40915220975875854,0.5089092135429383,True
1788254435.5864913,3,fixation,none,0.02066092953658183,-0.08378703502738827,0.4109461188316345,0.5098896741867065,True
1788254435.6224916,3,fixation,none,0.009573729826222732,-0.09046639370915588,0.41230775117874147,0.5100144386291504,True
1788254435.6524942,3,fixation,none,0.009478669928793093,-0.09899759245899709,0.41340906023979185,0.5099070787429809,True
1788254435.6849363,3,fixation,none,0.007879291029319835,-0.09848932202456728,0.4139616250991821,0.5094865262508392,True
1788254435.7413194,3,fixation,none,0.014021932522508718,-0.07759386929513257,0.4145620346069336,0.5094494521617889,True
1788254435.7673283,3,fixation,none,0.011064763786518106,-0.11001256843302276,0.4149580657482147,0.5098183274269104,True
1788254435.8008432,3,fixation,none,0.011584193643735197,-0.1148835061732949,0.41542854309082033,0.509986686706543,True
1788254435.8328373,3,fixation,none,0.017216359292977823,-0.10859289156122143,0.41543676257133483,0.5100552082061768,True
1788254435.8639362,3,fixation,none,0.01502895366401824,-0.1127286822680389,0.41546620726585387,0.5097737848758698,True
1788254435.8966196,3,fixation,none,0.009355631334522774,-0.11604646217615655,0.41622132658958433,0.5100592732429504,True
1788254435.9226296,3,fixation,none,0.018458920103461174,-0.11484687252067483,0.4161480188369751,0.5104192554950714,True
1788254435.959619,3,fixation,none,0.019495049910708162,-0.11594828095025855,0.41601126790046694,0.5103268206119538,True
1788254435.9861877,3,fixation,none,0.021542326079145857,-0.11426107605895408,0.4162137031555176,0.5099383354187011,True
1788254436.024185,3,fixation,none,0.014049284412476992,-0.11651587815626929,0.41666005849838256,0.5105020821094512,True
1788254436.0591862,3,fixation,none,0.010066980920604762,-0.12510285376835673,0.417015415430069,0.5106951415538787,True
1788254436.08554,3,fixation,none,0.019255806784597262,-0.1198526448933972,0.41673119068145753,0.5106765568256378,True
1788254436.118538,3,fixation,none,0.02318780668179432,-0.1170659451746967,0.4165674388408661,0.5102810084819793,True
1788254436.1774633,3,fixation,none,0.021960931026100527,-0.11722345183241023,0.416390061378479,0.5104792594909668,True
1788254436.198628,3,fixation,none,0.018920261838690666,-0.10259502121266018,0.4166828691959381,0.5101643323898315,True
1788254436.228628,3,fixation,none,0.02149982920371063,-0.10235724855773864,0.41660277247428895,0.5099468648433685,True
1788254436.2596278,3,fixation,none,0.01897695916410924,-0.11420721966759295,0.41686636209487915,0.5099822640419006,True
1788254436.2931578,3,fixation,none,0.019997533280986746,-0.12147797675569882,0.4168838024139404,0.5096393942832946,True
1788254436.3303013,3,fixation,none,0.015745037473878454,-0.11420746547478433,0.4174291729927063,0.5097223997116089,True
1788254436.3523023,3,fixation,none,0.024532700442684408,-0.12500012921799375,0.41771396398544314,0.5094751358032227,True
1788254436.3916461,3,fixation,none,0.019786509794668006,-0.12860331753186705,0.41815977692604067,0.5095701813697815,True
1788254436.4175131,3,fixation,none,0.012702294501908518,-0.1283962906536944,0.4179800748825073,0.5092838048934937,True
1788254436.4529216,3,fixation,none,0.01862978430896345,-0.10944087374269829,0.4179154455661774,0.5095357358455658,True
1788254436.4829779,3,fixation,none,0.016951914272582358,-0.1020295333760064,0.41750988364219666,0.5095242500305176,True
1788254436.5196507,3,fixation,none,0.01596193834728521,-0.10659097124383643,0.41754207015037537,0.5097157180309295,True
1788254436.5486565,3,fixation,none,0.015771234064035577,-0.11804439468027672,0.4177418351173401,0.5095823526382446,True
1788254436.6071305,3,fixation,none,0.012141602500349125,-0.11376822241436624,0.4173511862754822,0.509381753206253,True
1788254436.6321304,3,fixation,none,0.012992353801066225,-0.11007143399375974,0.4176541447639465,0.5100312650203704,True
1788254436.6635327,3,fixation,none,0.012819650672925786,-0.11637960491060406,0.41743958592414854,0.5099685788154602,True
1788254436.6919777,3,fixation,none,0.012956001682000395,-0.10095485311533459,0.4174244821071625,0.5104211688041687,True
1788254436.7286587,3,fixation,none,0.01913502870253636,-0.10158476891220902,0.41763681173324585,0.5094953000545501,True
1788254436.755658,3,fixation,none,0.01469478664304924,-0.11514922178782316,0.4175851583480835,0.5098727583885193,True
1788254436.7895908,3,fixation,none,0.00865507544787214,-0.10873436050771335,0.41768532395362856,0.509778368473053,True
1788254436.8222585,3,fixation,none,0.013917970948270741,-0.11201270842348077,0.4178551435470581,0.5106424629688263,True
1788254436.8549552,3,fixation,none,0.012789335262301305,-0.13764450176962495,0.4181271016597748,0.5102356314659119,True
1788254436.8894796,3,fixation,none,0.018561095417731432,-0.11552865405823387,0.41829598546028135,0.5111085176467896,True
1788254436.9180613,3,fixation,none,0.01585188774515167,-0.11131050321322777,0.4180963754653931,0.511044830083847,True
1788254436.949082,3,fixation,none,0.013487674494314317,-0.12399030398809296,0.41816291213035583,0.5109499633312226,True
1788254436.9779272,3,fixation,none,0.016015375868721926,-0.11820151429443437,0.41813609600067136,0.5108648121356965,True
1788254437.0387628,3,fixation,none,0.02300069727600973,-0.111624624877807,0.418099170923233,0.5112952589988708,True
1788254437.057682,3,fixation,none,0.015832964089768642,-0.10333131811133822,0.4178051292896271,0.5108150720596314,True
1788254437.0988622,3,fixation,none,0.013282649442803218,-0.10993891522532673,0.4176194489002228,0.5113771319389343,True
1788254437.1245654,3,fixation,none,0.009742620024932536,-0.08584866902656363,0.41731526255607604,0.5108958661556244,True
1788254437.1605656,3,fixation,none,0.01030102127817345,-0.10978392307642448,0.41741973757743833,0.510976779460907,True
1788254437.1852243,3,fixation,none,0.01746552960055736,-0.11762520792458797,0.41776782274246216,0.5112159132957459,True
1788254437.228683,3,fixation,none,0.0264968042014343,-0.1307036105705328,0.4181200385093689,0.510128504037857,True
1788254437.254677,3,fixation,none,0.01794526370400351,-0.12213658791327286,0.41769546270370483,0.5106370687484741,True
1788254437.2872086,3,fixation,none,0.018860459435349086,-0.10936550261020339,0.41737611293792726,0.5105989336967468,True
1788254437.3162088,3,fixation,none,0.022591751322528775,-0.10975940602247003,0.4179445385932922,0.5104927182197571,True
1788254437.3523457,3,fixation,none,0.01216014195897741,-0.11839239157576453,0.4170674979686737,0.5106802582740784,True
1788254437.383205,3,fixation,none,0.019372010939889384,-0.11927240284765883,0.41764322519302366,0.5102279722690582,True
1788254437.4135628,3,fixation,none,0.0131422620321473,-0.11242760039155564,0.41727333068847655,0.510405707359314,True
1788254437.4655771,3,fixation,none,0.019940421855023427,-0.1063552694248513,0.4175212442874908,0.5105453073978424,True
1788254437.494635,3,fixation,none,0.01309367562656194,-0.11769203112265503,0.4177752435207367,0.5105988264083863,True
1788254437.525598,3,fixation,none,0.00864052782585134,-0.11365550898237842,0.41750251650810244,0.5111252248287201,True
1788254437.5565586,3,fixation,none,0.01164422929393738,-0.13973424546028657,0.41779584288597105,0.5105807363986969,True
1788254437.5931602,3,fixation,none,0.01885400090510536,-0.12700752779988367,0.41805705428123474,0.5114696621894836,True
1788254437.6160882,3,fixation,none,0.01370060538639073,-0.11465007599302668,0.41762409210205076,0.510602843761444,True
1788254437.6601372,3,fixation,none,0.015339035246000443,-0.12375005311002996,0.4174122869968414,0.5115113615989685,True
1788254437.6875508,3,fixation,none,0.015719568323995126,-0.13416346119857758,0.4177333235740662,0.5104288339614869,True
1788254437.7195685,3,fixation,none,0.017881970452223173,-0.1229250133883597,0.4176165759563446,0.5108318567276001,True
1788254437.7465723,3,fixation,none,0.01325808377762705,-0.13904729683675032,0.4173176229000092,0.5117835700511932,True
1788254437.7858276,3,fixation,none,0.008730527399260057,-0.12985948011911352,0.417589396238327,0.5108963131904602,True
1788254437.8088996,3,stimulus,left,0.019544247802033232,-0.10706137122035453,0.4175023853778839,0.511560571193695,True
1788254437.8519397,3,stimulus,left,0.016580837593063058,-0.1146789163135653,0.4173679888248444,0.5115674018859864,True
1788254437.8984568,3,stimulus,left,0.016897821522568357,-0.12453107145033426,0.4175603985786438,0.511404550075531,True
1788254437.92752,3,stimulus,left,0.01794863252916301,-0.12222230463574957,0.41762112975120547,0.5116111040115356,True
1788254437.9545252,3,stimulus,left,0.01781106613992811,-0.10836459957194622,0.4177346765995026,0.5117730081081391,True
1788254437.991364,3,stimulus,left,0.0136686572938306,-0.12077394430214083,0.41765722036361697,0.5115549147129059,True
1788254438.022763,3,stimulus,left,0.012663939023854986,-0.1095088097416097,0.41744107007980347,0.5109912514686584,True
1788254438.0577729,3,stimulus,left,0.01188913125673896,-0.1033417087733941,0.4173562824726105,0.5114077448844909,True
1788254438.0896997,3,stimulus,left,0.015103467459765318,-0.12594880655526497,0.4173033535480499,0.511545616388321,True
1788254438.1169527,3,stimulus,left,0.01491222167831241,-0.12793827702063554,0.41722521781921384,0.5112497687339783,True
1788254438.1530051,3,stimulus,left,0.013828034815550283,-0.10479279420845167,0.4171909332275391,0.5112483620643615,True
1788254438.180629,3,stimulus,left,0.010751972364615114,-0.12624789005423942,0.4190841317176819,0.5122550785541534,True
1788254438.2156236,3,stimulus,left,0.010303537295679566,-0.13881170243348784,0.422619891166687,0.5116271555423737,True
1788254438.2456229,3,stimulus,left,0.003706780797227638,-0.09606974064728024,0.42630242109298705,0.5139285743236541,True
1788254438.2766361,3,stimulus,left,0.017095993788370456,-0.14945237657076704,0.43102635741233825,0.5114998817443848,True
1788254438.3339963,3,stimulus,left,0.0030619205340144395,-0.06621794135145653,0.43676323890686036,0.5126378536224365,True
1788254438.3559248,3,stimulus,left,0.030786105741008707,-0.018110316063720155,0.44619526267051696,0.5108296930789947,True
1788254438.3968468,3,stimulus,left,-0.0035368310091604682,-0.018806205318347313,0.45698921084403993,0.5087949991226196,True
1788254438.4249308,3,stimulus,left,-0.019002972293273523,-0.041049113609622156,0.4687050759792328,0.5083582162857055,True
1788254438.4551284,3,stimulus,left,-0.004930901430511558,-0.0651643932479733,0.48531943559646606,0.5084334671497345,True
1788254438.4837346,3,stimulus,left,-0.023450691888809883,-0.08667761133271046,0.5009369432926178,0.506309300661087,True
1788254438.5197415,3,stimulus,left,0.015195652534591653,-0.03526569938606172,0.514314842224121,0.507305520772934,True
1788254438.550964,3,stimulus,left,-0.016045621840722002,-0.07635642937227671,0.5251015901565552,0.5094026446342468,True
1788254438.5829902,3,stimulus,left,-0.06262578676443187,-0.11103629007978166,0.5365947723388672,0.5091044664382934,True
1788254438.61499,3,stimulus,left,-0.08851942627912746,-0.15781732023637574,0.5477402567863464,0.5113109111785888,True
1788254438.6479902,3,stimulus,left,-0.024028221936377214,-0.033424996103921245,0.551336944103241,0.5114946007728577,True
1788254438.675995,3,stimulus,left,0.028605564644911596,-0.1329865034342015,0.554486882686615,0.5117456078529358,True
1788254438.7156832,3,stimulus,left,-0.0015535377765654168,-0.13180224916307992,0.5581255197525025,0.5128464341163635,True
1788254438.7536778,3,stimulus,left,-0.014783529045980237,-0.12831709313224748,0.561829948425293,0.5138364315032959,True
1788254438.7873554,3,stimulus,left,-0.007512204640229947,-0.08070973725916697,0.5638164520263672,0.5128524661064148,True
1788254438.8253562,3,stimulus,left,-0.15484382502601124,-0.05609654020584465,0.5668676972389222,0.5107570290565491,True
1788254438.8502345,3,stimulus,left,-0.15549905930340302,-0.0622410144064276,0.5677195072174073,0.5120913982391357,True
1788254438.8872643,3,stimulus,left,-0.2469244494626166,-0.10783679229823817,0.5699804663658142,0.5103302359580993,True
1788254438.9157526,3,stimulus,left,-0.22115929374182552,-0.08436841205500634,0.5704781889915467,0.5106733560562133,True
1788254438.9499633,3,stimulus,left,-0.11170195344998646,-0.19207368745343678,0.5703787446022034,0.5095328569412232,True
1788254438.9834917,3,stimulus,left,-0.0900469307243853,-0.18995025357074147,0.5704249858856201,0.5089936494827271,True
1788254439.0154908,3,stimulus,left,-0.12463467869378075,-0.05485634257448524,0.570316743850708,0.5086636483669281,True
1788254439.047497,3,stimulus,left,-0.11896402127156047,-0.052690996902246656,0.5701539993286133,0.5084123015403748,True
1788254439.079496,3,stimulus,left,-0.28685456770450524,-0.18467896646734672,0.5701884031295776,0.5084666967391968,True
1788254439.1120074,3,stimulus,left,-0.2699642483631598,-0.09967394731707513,0.5685957908630371,0.5091150104999542,True
1788254439.1410062,3,stimulus,left,-0.14012258680072864,-0.060498247293813145,0.5686368346214294,0.5089306116104126,True
1788254439.1958954,3,stimulus,left,-0.1828532764339822,-0.03446091051118705,0.5683206439018249,0.5059415221214294,True
1788254439.2208936,3,stimulus,left,-0.050742088358266546,-0.15857092654099558,0.5668004274368286,0.5062688112258911,True
1788254439.251376,3,stimulus,left,-0.1552977417312681,-0.13940845869586405,0.5663807630538941,0.5059817790985107,True
1788254439.2873785,3,stimulus,left,-0.07322415884123668,-0.2152098283550472,0.5651567697525024,0.5055581569671631,True
1788254439.3149195,3,stimulus,left,-0.006567404911627217,-0.09817820538929878,0.5662782788276672,0.5059824109077453,True
1788254439.3525674,3,stimulus,left,-0.11439097958971545,-0.18785056469062844,0.5651458978652955,0.5039789497852325,True
1788254439.3799255,3,stimulus,left,-0.04740330629163558,-0.019282086814447763,0.5650428056716919,0.5044671773910523,True
1788254439.4120073,3,stimulus,left,-0.07443064093969054,-0.09811140668175733,0.5663604140281677,0.503876781463623,True
1788254439.4515104,3,stimulus,left,-0.015815090777616225,0.018808382643081267,0.5651317954063415,0.5046251118183136,True
1788254439.477552,3,stimulus,left,-0.015476671999558156,-0.010172800588647224,0.566382896900177,0.5042613089084625,True
1788254439.508793,3,stimulus,left,-0.0976774160245657,-0.06467771550989332,0.5667779445648193,0.5037474751472473,True
1788254439.5391662,3,stimulus,left,-0.025421905500649267,-0.0842167696511884,0.5662024736404419,0.5042271196842194,True
1788254439.576161,3,stimulus,left,-0.011196434393247912,-0.0136023974181394,0.5659980654716492,0.505199670791626,True
1788254439.623308,3,stimulus,left,0.003809701375344532,-0.0056164730696661724,0.5655403017997742,0.5045325994491577,True
1788254439.6485,3,stimulus,left,-0.052015663296802184,-0.14028095912408733,0.5666304349899292,0.5035426020622253,True
1788254439.6902695,3,stimulus,left,-0.007711399267581798,-0.01005456315865405,0.5658253908157349,0.5050553202629089,True
1788254439.7152681,3,stimulus,left,0.013251073597778884,0.00444772400550153,0.5659378409385681,0.5041208684444427,True
1788254439.7472682,3,stimulus,left,0.027697129701161227,0.05373599623815828,0.5663884878158569,0.5046099662780762,True
1788254439.785872,3,stimulus,left,0.023108737955125136,-0.020502795435385024,0.566542637348175,0.5038875937461853,True
1788254440.1109488,4,fixation,none,0.009552029785451999,-0.005430268922741011,0.5656208992004395,0.5042718589305878,True
1788254440.138494,4,fixation,none,-0.024331900948595275,-0.010295232213825223,0.5638495326042176,0.505320930480957,True
1788254440.1548595,4,fixation,none,-0.0257495589958896,-0.024163425428202157,0.5638071298599243,0.5050254106521607,True
1788254440.1778738,4,fixation,none,-0.04889590334305993,0.024691740411547536,0.563655424118042,0.5047446906566619,True
1788254440.2113967,4,fixation,none,-0.0007616755336879999,-0.015856964607319224,0.5640468001365662,0.5047813951969147,True
1788254440.2423964,4,fixation,none,-0.0601770012429127,0.0573535235583118,0.5639829158782959,0.505184406042099,True
1788254440.2734,4,fixation,none,-0.07649156169453553,-0.04754160509000438,0.5644765734672547,0.5042941391468048,True
1788254440.3117745,4,fixation,none,-0.02524001971917922,-0.005027934693821345,0.5640493154525756,0.5052034139633179,True
1788254440.3389566,4,fixation,none,0.009089064993922147,0.05536581724631218,0.5644287109375,0.5042888641357421,True
1788254440.3683128,4,fixation,none,-0.018782794657988044,0.07743603779744435,0.5635231733322144,0.5047669649124146,True
1788254440.403072,4,fixation,none,0.004180485876201456,0.031835619171229346,0.5640651106834411,0.5039277315139771,True
1788254440.4344106,4,fixation,none,0.02195493849383312,0.0445918457997424,0.5636276721954345,0.5045036673545837,True
1788254440.490179,4,fixation,none,0.035203707803482476,0.051012358838047334,0.563120436668396,0.5040992856025696,True
1788254440.5119817,4,fixation,none,0.06388511056992613,0.024663052483435255,0.5629631876945496,0.5052718758583069,True
1788254440.5464575,4,fixation,none,0.04294567182348513,0.07434630227174366,0.56287122964859,0.5045343041419983,True
1788254440.5807867,4,fixation,none,0.01484631694307581,0.04213855991057003,0.5600470542907715,0.5045876324176788,True
1788254440.6142914,4,fixation,none,-0.09499220658204977,-0.00384831201617164,0.5516223788261414,0.5020980894565582,True
1788254440.6492922,4,fixation,none,-0.004817959482492196,-0.007961239652726104,0.5432775855064392,0.499948525428772,True
1788254440.6762962,4,fixation,none,-0.017569736165412464,0.03799896723311136,0.5250693917274475,0.5001656591892243,True
1788254440.7063932,4,fixation,none,-0.019340624582693144,-0.012920547707251373,0.5061713576316833,0.502012187242508,True
1788254440.7413878,4,fixation,none,-0.00518936541375703,-0.08251248648098364,0.49058045744895934,0.5016135215759278,True
1788254440.7753956,4,fixation,none,-0.0019903110646607436,-0.12777360288943018,0.4756848096847534,0.5030669808387757,True
1788254440.8019056,4,fixation,none,-0.01224899869062801,-0.08969149878728999,0.4630023717880249,0.5062773704528809,True
1788254440.840944,4,fixation,none,-0.016724909462850213,-0.09604161821581036,0.45221673250198363,0.5065345048904419,True
1788254440.8659377,4,fixation,none,0.0014502555010063034,-0.11009609229230954,0.4450491011142731,0.5088303327560425,True
1788254440.9292166,4,fixation,none,0.004663635856745008,-0.10780542372563251,0.43865856528282166,0.5101218461990357,True
1788254440.952862,4,fixation,none,0.002316919501137771,-0.09654572990592492,0.43415414690971377,0.5087148189544678,True
1788254440.9811628,4,fixation,none,0.002117311459553184,-0.09760027885436928,0.4306579947471619,0.5072388529777527,True
1788254441.0177507,4,fixation,none,0.001093625911512075,-0.08693838316004898,0.4278300881385803,0.507507836818695,True
1788254441.0466762,4,fixation,none,0.005232213112882689,-0.08099534655097174,0.4260906517505646,0.5071782767772675,True
1788254441.0776799,4,fixation,none,0.0025948997374730665,-0.08675629763164139,0.42383708357810973,0.5087012588977814,True
1788254441.1083682,4,fixation,none,0.00350671463740182,-0.09510533613099537,0.4220469057559967,0.5095697104930877,True
1788254441.1467953,4,fixation,none,0.012042813852922052,-0.10265029478243426,0.4214101195335388,0.5085575222969055,True
1788254441.169722,4,fixation,none,0.010538989868418835,-0.12061499759994976,0.4202184617519379,0.5079670548439026,True
1788254441.2040253,4,fixation,none,0.00884881413087546,-0.11948800354286282,0.41912820339202883,0.5059291839599609,True
1788254441.23905,4,fixation,none,0.01257178790872071,-0.1261725210099095,0.41917301416397096,0.5065220832824707,True
1788254441.2661138,4,fixation,none,0.017438198433423535,-0.11869720622281921,0.41899513602256777,0.50629802942276,True
1788254441.3061225,4,fixation,none,0.003980483201491025,-0.08982806155905254,0.4181517779827118,0.5060833930969239,True
1788254441.358046,4,fixation,none,0.013329947366942041,-0.10242737968642801,0.4175776124000549,0.5063679397106171,True
1788254441.3793173,4,fixation,none,0.011687762315031658,-0.11171738977270484,0.4171244204044342,0.5063134610652924,True
1788254441.4129915,4,fixation,none,0.012786042126388675,-0.10458027392045466,0.41701380610466005,0.5065497279167175,True
1788254441.4462433,4,fixation,none,0.016630679035331775,-0.11566413385956875,0.416350781917572,0.5060236692428589,True
1788254441.4772685,4,fixation,none,0.0119921236911249,-0.10187522079467148,0.4164991319179535,0.5062177002429962,True
1788254441.510817,4,fixation,none,0.014759865586420284,-0.10437488031524622,0.41528975367546084,0.5055941104888916,True
1788254441.544815,4,fixation,none,0.015056846610984165,-0.09779527174115721,0.41453880071640015,0.5060614109039306,True
1788254441.5756547,4,fixation,none,0.013357261398103115,-0.0970072334170875,0.41494725942611693,0.5064730167388916,True
1788254441.6047125,4,fixation,none,0.01633851203968406,-0.08279783938235297,0.4135264277458191,0.5067210555076599,True
1788254441.6376662,4,fixation,none,0.013383217873672026,-0.09485555354177144,0.41427351236343385,0.5067493855953217,True
1788254441.6721802,4,fixation,none,0.020226555195767992,-0.0894910521344845,0.41342106461524963,0.5058842182159424,True
1788254441.7007136,4,fixation,none,0.014373266808722418,-0.09668644257334502,0.41369296312332154,0.5064471244812012,True
1788254441.7347138,4,fixation,none,0.013479943098714253,-0.09097852525924122,0.41348928213119507,0.506908792257309,True
1788254441.7877913,4,fixation,none,0.01671024440291402,-0.09189956193973514,0.4130836844444275,0.5061636924743652,True
1788254441.8157856,4,fixation,none,0.013291929802744962,-0.10218958563504577,0.4136716306209564,0.5069399893283844,True
1788254441.8457856,4,fixation,none,0.01406570508738858,-0.10560466198360596,0.41324816942214965,0.5068592190742492,True
1788254441.8797956,4,fixation,none,0.016354692544587546,-0.10977478604556234,0.41337342858314513,0.5073302149772644,True
1788254441.9114928,4,fixation,none,0.013514431709121921,-0.11060191487636595,0.4128943979740143,0.5070737898349762,True
1788254441.9389493,4,fixation,none,0.01618740945267272,-0.08735185455011885,0.4134211838245392,0.5073309779167176,True
1788254441.9759634,4,fixation,none,0.016530359045449194,-0.10016961251491452,0.41340634822845457,0.5072322368621827,True
1788254442.0025723,4,fixation,none,0.013724909818243813,-0.10326657266892036,0.4134568214416504,0.507881361246109,True
1788254442.033578,4,fixation,none,0.018382200044725017,-0.10919976497630046,0.4129491329193115,0.5071330666542053,True
1788254442.0737457,4,fixation,none,0.018787246155484882,-0.09935436037785572,0.4140372574329376,0.5074867606163025,True
1788254442.1022763,4,fixation,none,0.019254424436033868,-0.10552308534923094,0.4130521357059479,0.5061737120151519,True
1788254442.1342838,4,fixation,none,0.01593118573041996,-0.09990660937163187,0.4137319803237915,0.5068124651908874,True
1788254442.1662757,4,fixation,none,0.022290895051586657,-0.1116125441284983,0.4134507656097412,0.5066892266273498,True
1788254442.2231183,4,fixation,none,0.015741395031664163,-0.0940858229891055,0.41325368285179137,0.5070710420608521,True
1788254442.2459126,4,fixation,none,0.014772373431491626,-0.08642229822897785,0.413577800989151,0.5068813979625701,True
1788254442.2769253,4,fixation,none,0.016134626066164892,-0.09849446657069594,0.41327003836631776,0.5074792385101319,True
1788254442.3094342,4,fixation,none,0.012796636920839544,-0.09678473146896882,0.4135510206222534,0.5085683107376099,True
1788254442.3434384,4,fixation,none,0.014239556873430259,-0.10062048008977986,0.412739497423172,0.5080241441726685,True
1788254442.3747306,4,fixation,none,0.014148410117649335,-0.10697233934793282,0.41314865946769713,0.5082994520664215,True
1788254442.402242,4,fixation,none,0.018723021861748568,-0.10327343018352075,0.4128340780735016,0.507873785495758,True
1788254442.4432466,4,fixation,none,0.013825237703780968,-0.1062694223146129,0.41291913390159607,0.5088017582893372,True
1788254442.4712517,4,fixation,none,0.0011106500964023214,-0.10738327116854118,0.4137669622898102,0.5098582208156586,True
1788254442.5009046,4,fixation,none,0.010661854878957322,-0.12811828744779274,0.41342985033988955,0.509164822101593,True
1788254442.5309033,4,fixation,none,0.0032002587481031464,-0.11693914153574836,0.4138078808784485,0.5103968560695649,True
1788254442.5691478,4,fixation,none,0.016805946832392782,-0.11230296974416154,0.4128908276557922,0.5100607395172119,True
1788254442.599686,4,fixation,none,0.012184925967484994,-0.09824478621950905,0.413183206319809,0.510734498500824,True
1788254442.631685,4,fixation,none,0.007266220932359957,-0.10282572549495184,0.4141251385211945,0.5110500991344452,True
1788254442.6861985,4,fixation,none,0.019583882229689764,-0.11295594811823073,0.4136806607246399,0.5103549599647522,True
1788254442.7132266,4,fixation,none,0.01830569953652139,-0.10828994926092095,0.41386093497276305,0.5107388317584991,True
1788254442.7360425,4,fixation,none,0.0023156091590567085,-0.10735362480116095,0.4141610383987427,0.5108808696269989,True
1788254442.780198,4,fixation,none,0.018831361169543315,-0.10882817481365237,0.41417073011398314,0.5108386039733886,True
1788254442.8113477,4,fixation,none,0.013075662944334154,-0.1136323775268786,0.4142243564128876,0.5108086943626404,True
1788254442.836347,4,fixation,none,0.018767165694566268,-0.1087005275793137,0.41383755803108213,0.5107189536094665,True
1788254442.8712914,4,fixation,none,0.014709044461789333,-0.11182533323270771,0.4148905873298645,0.5115287899971008,True
1788254442.9018884,4,fixation,none,0.015881792515455184,-0.11695427728088337,0.4145244061946869,0.5110727369785308,True
1788254442.9328923,4,fixation,none,0.015900435073861185,-0.11051541981991786,0.41503781676292417,0.510305505990982,True
1788254442.9688923,4,fixation,none,0.010414713801022546,-0.11778282482962144,0.41431408524513247,0.5112246811389923,True
1788254442.999873,4,fixation,none,0.005375654233398142,-0.10958510545226008,0.41494261622428896,0.5122819006443023,True
1788254443.0248005,4,fixation,none,0.019963738038220158,-0.1202164887357906,0.4146519899368286,0.5120681524276733,True
1788254443.0705373,4,fixation,none,0.0032446045752846375,-0.107226805871804,0.415126645565033,0.5119905948638916,True
1788254443.1181366,4,fixation,none,0.01050589411375058,-0.11439386634098847,0.415086442232132,0.511835765838623,True
1788254443.1411898,4,stimulus,left,0.006386831886824096,-0.12414969741635873,0.41493428945541383,0.5131364822387695,True
1788254443.1759892,4,stimulus,left,0.015187883677380443,-0.1175634454670238,0.4149254083633423,0.5118050813674927,True
1788254443.2085166,4,stimulus,left,0.0029819316304046106,-0.10589426127168755,0.4158026695251465,0.5125343918800354,True
1788254443.2356746,4,stimulus,left,0.01342215662581936,-0.14443147160290182,0.41523599028587344,0.5111906409263611,True
1788254443.2712848,4,stimulus,left,0.01316725286516196,-0.12276047818447411,0.41556143164634707,0.5122234106063843,True
1788254443.299193,4,stimulus,left,0.017096378910427146,-0.1276286473121655,0.41586086750030515,0.5122904658317566,True
1788254443.3331933,4,stimulus,left,0.011938493975961362,-0.11429912942028708,0.4153968632221222,0.5120303690433502,True
1788254443.3677125,4,stimulus,left,0.012828754820329302,-0.10649723172904735,0.41552482843399047,0.5124773025512696,True
1788254443.3982341,4,stimulus,left,0.007285582861256468,-0.12039195646176115,0.4153696298599243,0.5127010643482208,True
1788254443.4312267,4,stimulus,left,0.009246719928898028,-0.11637020294352407,0.41554245352745056,0.5124730706214905,True
1788254443.4624453,4,stimulus,left,-0.0011358748086284232,-0.1135314848380683,0.41606898307800294,0.5130064249038696,True
1788254443.4947479,4,stimulus,left,0.018291754782049918,-0.12882575415686381,0.41595261096954345,0.5124415755271912,True
1788254443.5522292,4,stimulus,left,0.0022325904099083083,-0.11177223226048683,0.41844087839126587,0.5126695036888123,True
1788254443.5764594,4,stimulus,left,0.018082023876865527,-0.1243236262587365,0.42130815982818604,0.5124075293540955,True
1788254443.6040728,4,stimulus,left,0.01148974645708345,-0.10721041935263464,0.42428181171417234,0.5104986190795898,True
1788254443.6383607,4,stimulus,left,0.009058847247807367,-0.08605661912601459,0.4271525740623474,0.5108345746994019,True
1788254443.672694,4,stimulus,left,-0.0061951020901875875,-0.07279914932840381,0.4314396619796753,0.5096366941928864,True
1788254443.7037034,4,stimulus,left,0.017600266886525273,-0.02418886974381318,0.4436803817749023,0.5089494943618774,True
1788254443.7316718,4,stimulus,left,0.005560328004723503,-0.022460642596652147,0.4567760109901428,0.5059418916702271,True
1788254443.7684557,4,stimulus,left,-0.022268134859793065,-0.03315411061820628,0.4690182387828827,0.5047520458698272,True
1788254443.7942424,4,stimulus,left,-0.04977143197698386,-0.01636486849029406,0.4877033054828644,0.5043861329555511,True
1788254443.8326652,4,stimulus,left,-0.015010875759659537,0.06490682434554351,0.5024537682533264,0.5034072637557984,True
1788254443.8571718,4,stimulus,left,0.0317240988416676,0.014522386861666181,0.5161791443824768,0.5034830212593079,True
1788254443.8989167,4,stimulus,left,0.031747333480298456,0.018127815092715993,0.5242144584655761,0.50384122133255,True
1788254443.9199708,4,stimulus,left,-0.06326949822536643,0.00927307624181628,0.5308719635009765,0.5047384262084961,True
1788254443.9790382,4,stimulus,left,0.029211337993529818,0.015981258089470485,0.5329858422279358,0.5038922905921936,True
1788254444.0055592,4,stimulus,left,0.02295577403286775,-0.024037453019040367,0.5366827726364136,0.5053448796272277,True
1788254444.0395648,4,stimulus,left,-0.026878172133090406,0.02973466330638941,0.5384406805038452,0.5059890866279602,True
1788254444.0685637,4,stimulus,left,0.03162926744213379,-0.013879861384918257,0.5399728536605835,0.505564522743225,True
1788254444.1047454,4,stimulus,left,0.06582459737468133,0.04643868994606026,0.5408663511276245,0.5037446618080139,True
1788254444.134045,4,stimulus,left,0.0054090956732418816,-0.012063747779438527,0.5425281405448914,0.5028270483016968,True
1788254444.165047,4,stimulus,left,0.038325382712584344,0.028150888001668428,0.5416290402412415,0.5025603175163269,True
1788254444.1988232,4,stimulus,left,-0.013908347566551238,0.05462136990955235,0.5416857481002808,0.5011456966400146,True
1788254444.2297535,4,stimulus,left,0.0036189075273910243,0.029575226145212574,0.5415499925613403,0.4994323909282684,True
1788254444.2593575,4,stimulus,left,0.027763470241450317,0.03886554149931298,0.5419943809509278,0.5008134603500366,True
1788254444.2977164,4,stimulus,left,0.04542448819160311,-0.005830234068919915,0.5434658646583557,0.5004052639007568,True
1788254444.3202176,4,stimulus,left,0.03542078157850981,0.03296104288829427,0.5429325580596924,0.5011591732501983,True
1788254444.3632214,4,stimulus,left,0.02098705236140519,-0.04664128826307845,0.5443306803703308,0.5000256359577179,True
1788254444.412438,4,stimulus,left,0.01600822334952856,0.044485184635375985,0.5432066202163697,0.4995464861392975,True
1788254444.4435844,4,stimulus,left,-0.015950414549286696,-0.003232890809179212,0.5428563833236695,0.5012519598007202,True
1788254444.471586,4,stimulus,left,-0.0725284455523908,0.05733620388554583,0.5427992463111877,0.5009275794029235,True
1788254444.501118,4,stimulus,left,0.022216248214760648,-0.013997728875974391,0.5426690220832825,0.5007619857788086,True
1788254444.5358608,4,stimulus,left,0.05625742721498156,-0.034004628608175325,0.5428356885910034,0.5024202048778534,True
1788254444.5652127,4,stimulus,left,0.07609333502382465,-0.027012689774066345,0.5430983066558838,0.5015170335769653,True
1788254444.599187,4,stimulus,left,0.09177169204899877,0.04007435968419548,0.5434268832206726,0.5029157161712646,True
1788254444.632188,4,stimulus,left,0.08959555271809261,-0.02027589812209385,0.5434656977653504,0.5019320011138916,True
1788254444.662265,4,stimulus,left,0.0731388850376386,0.018856879231023083,0.5429910063743592,0.5031181454658509,True
1788254444.6928189,4,stimulus,left,0.07035562461810208,-0.008897893221996522,0.5432201504707337,0.502704668045044,True
1788254444.723812,4,stimulus,left,0.01766881331901693,0.030397150352781566,0.5432940363883972,0.5029736459255219,True
1788254444.7593267,4,stimulus,left,-0.004276418584098662,-0.016661390534956744,0.5431728005409241,0.5027024507522583,True
1788254444.7904835,4,stimulus,left,0.024745635490963758,-0.013385755232957264,0.5422652006149292,0.5011663913726807,True
1788254444.8488076,4,stimulus,left,0.06061239935792723,-0.045063407239448794,0.5423027396202087,0.5012181401252747,True
1788254444.8706636,4,stimulus,left,0.029502382501452096,0.04205864904488177,0.5427597999572754,0.5023460268974305,True
1788254444.9001286,4,stimulus,left,0.06004303202228639,-0.020586435873028774,0.5422287583351135,0.5013794243335724,True
1788254444.9388566,4,stimulus,left,0.04715524827306561,0.02686064389270182,0.54317626953125,0.5021727621555329,True
1788254444.968257,4,stimulus,left,0.03358485602818151,0.012765271149182467,0.5423761010169983,0.5004862666130065,True
1788254444.9988267,4,stimulus,left,0.0752034141041813,0.046773025675791446,0.5428951263427735,0.5009203135967255,True
1788254445.0308225,4,stimulus,left,0.03141991643929487,0.06061125643829146,0.5431941151618958,0.5004232585430145,True
1788254445.0618222,4,stimulus,left,0.06363385945545191,0.01116735657387713,0.5435892581939697,0.502074933052063,True
1788254445.0943434,4,stimulus,left,-0.0220064806303516,0.08328895890472354,0.5435729146003723,0.5013444125652313,True
1788254445.1263542,4,stimulus,left,0.04722278624336579,0.004815912365522257,0.5422713994979859,0.5008904576301575,True
1788254445.45108,5,fixation,none,0.02304517459024691,0.022713929442932157,0.5438727736473083,0.5010328888893127,True
1788254445.4710677,5,fixation,none,0.03211733931085137,-0.015894095888005166,0.5427838683128356,0.5008149206638336,True
1788254445.4915853,5,fixation,none,0.001396932348943225,0.03568357582973003,0.5430236101150513,0.5013544917106628,True
1788254445.5295925,5,fixation,none,0.06326024372791372,-0.0157246143507217,0.5431806206703186,0.5012945055961608,True
1788254445.558586,5,fixation,none,0.045605202247365084,0.062118773972460684,0.5431509017944336,0.5019514620304107,True
1788254445.5892062,5,fixation,none,0.06252696165269267,0.020123316009911463,0.5429289937019348,0.5018095254898072,True
1788254445.6222107,5,fixation,none,0.023036680053423075,0.015169567130111417,0.543036413192749,0.5017061352729797,True
1788254445.6552107,5,fixation,none,0.03568486846398422,0.004149448447560156,0.5434793710708619,0.5010822415351868,True
1788254445.7107348,5,fixation,none,0.012341384203875871,0.02334003978380461,0.5427402138710022,0.5022141575813294,True
1788254445.734734,5,fixation,none,0.013001067572868119,0.012405689313330637,0.5436663508415223,0.5007540583610535,True
1788254445.765733,5,fixation,none,0.041966726881124294,0.04675871613725835,0.5421924829483032,0.5006614804267884,True
1788254445.7982557,5,fixation,none,0.04062505291687751,0.0346958448544461,0.5416078686714172,0.4997955858707428,True
1788254445.8282502,5,fixation,none,-0.025935736356869077,0.03481426005782151,0.5319805264472961,0.49560264945030214,True
1788254445.8622491,5,fixation,none,0.010187783686181229,0.023956538946636408,0.5226137042045593,0.49497020840644834,True
1788254445.8917942,5,fixation,none,-0.016281530283232426,-0.050661709013162914,0.5052889823913574,0.4927399277687073,True
1788254445.9247875,5,fixation,none,-0.01976028540551633,-0.04368240434550885,0.4904561221599579,0.4921547114849091,True
1788254445.9597936,5,fixation,none,-0.04189576889591018,-0.08996185244692467,0.47657397389411926,0.4896486222743988,True
1788254445.9874651,5,fixation,none,-0.00675673785847708,-0.09425146420424735,0.4654441952705383,0.4884419977664948,True
1788254446.022979,5,fixation,none,-0.007852539438803263,-0.04284427909024058,0.4543333649635315,0.488025963306427,True
1788254446.0529873,5,fixation,none,0.0009922529747052877,-0.08037146493580305,0.4468633234500885,0.4891913831233978,True
1788254446.0839913,5,fixation,none,-0.007341259109020171,-0.08746794600817176,0.43916207551956177,0.4913298189640045,True
1788254446.1445801,5,fixation,none,0.0064664682263209095,-0.06862351746666229,0.43429285287857056,0.4894873559474945,True
1788254446.1604922,5,fixation,none,0.008767897284415405,-0.07549517263030525,0.43096315264701845,0.489636093378067,True
1788254446.2065816,5,fixation,none,0.005913985426753476,-0.07370250072982665,0.4275957107543945,0.4902834415435791,True
1788254446.2305782,5,fixation,none,0.018959411717274555,-0.08290879998679657,0.42488446831703186,0.48967394828796384,True
1788254446.2600055,5,fixation,none,0.004899364851630117,-0.06773190898215908,0.42333481311798093,0.49009761214256287,True
1788254446.295321,5,fixation,none,0.012768840776965384,-0.054837690757508106,0.4220666766166687,0.49044893980026244,True
1788254446.326324,5,fixation,none,0.014774615392296298,-0.07269713579462145,0.42076336145401,0.48962618708610534,True
1788254446.3602414,5,fixation,none,0.016163638416903825,-0.0685062002255129,0.4188871681690216,0.48989151120185853,True
1788254446.3892612,5,fixation,none,0.015535873037656245,-0.06152306352228476,0.41834594011306764,0.4905461549758911,True
1788254446.4213638,5,fixation,none,0.01399891738732395,-0.055088575466480494,0.4173889636993408,0.49130643010139463,True
1788254446.4493563,5,fixation,none,0.01266202020289875,-0.05921698509546225,0.4166363000869751,0.4928390681743622,True
1788254446.4902878,5,fixation,none,0.006813828527008181,-0.05409917084135074,0.41646949052810667,0.4941621541976929,True
1788254446.5154011,5,fixation,none,0.00864726019525397,-0.054887017158935736,0.4158066213130951,0.4937929093837738,True
1788254446.5742903,5,fixation,none,0.01121453144208795,-0.06869942078662439,0.4159419596195221,0.49347158074378966,True
1788254446.5964065,5,fixation,none,0.01706072033910233,-0.055246096285985535,0.4155268490314484,0.49331926107406615,True
1788254446.6324718,5,fixation,none,0.014920579599306372,-0.07066000163197361,0.41540741324424746,0.4929764986038208,True
1788254446.6604667,5,fixation,none,0.00866431105749721,-0.0719514372811425,0.41516141295433046,0.4928315579891205,True
1788254446.696614,5,fixation,none,0.00836404693018622,-0.05632909509518658,0.4146880626678467,0.49311862587928773,True
1788254446.7236345,5,fixation,none,2.231638187677465e-05,-0.030691302356091188,0.413983428478241,0.49511701464653013,True
1788254446.757233,5,fixation,none,0.006131556845433983,-0.05349709123664259,0.4143021166324615,0.4959083557128906,True
1788254446.7907596,5,fixation,none,0.006301531493096868,-0.053687250961129585,0.4141624510288239,0.4954187750816345,True
1788254446.8233037,5,fixation,none,0.009905098203732865,-0.05023225961557609,0.4142547607421875,0.49650290608406067,True
1788254446.8496015,5,fixation,none,0.005644153715823497,-0.052079473058155745,0.414132285118103,0.4954537868499756,True
1788254446.8858285,5,fixation,none,0.01281755857742961,-0.06738545910859128,0.41427071690559386,0.49616182446479795,True
1788254446.9156778,5,fixation,none,0.010862910453211638,-0.044889570682175584,0.41445461511611936,0.49566430449485777,True
1788254446.9496832,5,fixation,none,0.004254655805928764,-0.049167322832246896,0.41447917819023133,0.4959350049495697,True
1788254447.008678,5,fixation,none,0.0037821611372649278,-0.04452504720602857,0.4145768702030182,0.49747443199157715,True
1788254447.0311959,5,fixation,none,0.0019069180100143024,-0.06254074986812064,0.41482757329940795,0.49722914695739745,True
1788254447.0589764,5,fixation,none,0.005154745902633429,-0.05830873713445506,0.41513592600822447,0.49682273864746096,True
1788254447.0930932,5,fixation,none,0.013655217762321592,-0.06321324183678745,0.4153187096118927,0.4979640245437622,True
1788254447.1242054,5,fixation,none,0.011688455587360869,-0.06953785688851444,0.41592538356781006,0.49761952757835387,True
1788254447.15291,5,fixation,none,0.016901749002795285,-0.0683627961582498,0.4167491853237152,0.49652833938598634,True
1788254447.1844141,5,fixation,none,0.018565727565408863,-0.07420576981552929,0.41665890216827395,0.4963903784751892,True
1788254447.2258892,5,fixation,none,0.011102395778339047,-0.0661822450109375,0.4169427156448364,0.4960912525653839,True
1788254447.2478883,5,fixation,none,0.01087049107286353,-0.07496047089176239,0.4169109880924225,0.4970556139945984,True
1788254447.286328,5,fixation,none,0.013175456903896321,-0.0770593794036536,0.41674686074256895,0.49745877981185915,True
1788254447.3189087,5,fixation,none,0.011882150042325179,-0.06658980274362825,0.41651118993759156,0.49785723686218264,True
1788254447.3489075,5,fixation,none,0.0157228980889208,-0.06484623033620163,0.41712590456008913,0.4972004532814026,True
1788254447.381915,5,fixation,none,0.010404763674983553,-0.07390679894007468,0.4164326608181,0.497988760471344,True
1788254447.441502,5,fixation,none,0.019077639447961148,-0.07684857940778966,0.4180136561393738,0.49718295931816103,True
1788254447.4616926,5,fixation,none,0.010604626458611044,-0.06484075435033221,0.4166808009147644,0.4975150227546692,True
1788254447.4952269,5,fixation,none,0.017582820102334362,-0.06914751132162222,0.41720428466796877,0.49676174521446226,True
1788254447.5232272,5,fixation,none,0.015706820453825543,-0.08038674449421301,0.416960346698761,0.4970655500888824,True
1788254447.5580704,5,fixation,none,0.018995448242772883,-0.07506409511550838,0.41696302890777587,0.4968941569328308,True
1788254447.590176,5,fixation,none,0.014921643852950806,-0.0660340927157661,0.4168125331401825,0.4978987336158752,True
1788254447.6223772,5,fixation,none,0.009822133238745256,-0.07599153210613663,0.4173371911048889,0.49801633358001707,True
1788254447.6523788,5,fixation,none,0.008268637408909485,-0.08487434866372356,0.4165624499320984,0.49835339188575745,True
1788254447.6868753,5,fixation,none,0.009857694260133498,-0.07468292421927958,0.41760538816452025,0.49810426831245425,True
1788254447.7223914,5,fixation,none,0.011546383647408676,-0.08674141654707601,0.4165242075920105,0.4984607219696045,True
1788254447.7456448,5,fixation,none,0.00656271066712566,-0.08617580444331319,0.4178049564361572,0.4991754710674286,True
1788254447.7841,5,fixation,none,0.009684238423147362,-0.06529081809945358,0.4168876647949219,0.49858416318893434,True
1788254447.811615,5,fixation,none,0.012630598294117279,-0.07314645012057541,0.41696043610572814,0.4981830596923828,True
1788254447.8665946,5,fixation,none,0.011659677167173088,-0.0780215139441347,0.41754459738731386,0.4987552225589752,True
1788254447.8891387,5,fixation,none,0.010852211121300415,-0.07060737566433106,0.41686575412750243,0.49887770414352417,True
1788254447.9263372,5,fixation,none,0.013192305149087757,-0.09396172212665055,0.41792072057724,0.4992009878158569,True
1788254447.9543338,5,fixation,none,0.012314951012826314,-0.0817259980428322,0.4172920882701874,0.499623692035675,True
1788254447.9883852,5,fixation,none,0.016113787097061683,-0.09025515896161906,0.41744417548179624,0.4994909048080444,True
1788254448.0245535,5,fixation,none,0.015428040774562501,-0.0898784777730578,0.41771732568740844,0.4997090518474579,True
1788254448.051574,5,fixation,none,0.014918208745226758,-0.08954276291845087,0.41711331009864805,0.4998036503791809,True
1788254448.0889256,5,fixation,none,0.007323158593761647,-0.08944336304436573,0.4184281289577484,0.5000363051891327,True
1788254448.1185043,5,fixation,none,0.005592928222874605,-0.06731883342931222,0.417255836725235,0.5002605199813843,True
1788254448.1457543,5,fixation,none,0.009400632721442759,-0.09239815572859533,0.41825159788131716,0.5002708196640014,True
1788254448.179855,5,fixation,none,0.007769808319487703,-0.058989672330452936,0.41714624166488645,0.5000655293464661,True
1788254448.2118838,5,fixation,none,0.010086009417973663,-0.09578464931599939,0.418112701177597,0.5006872713565826,True
1788254448.2498806,5,fixation,none,0.013549347800599132,-0.06549831852253196,0.41701598167419435,0.5010736167430878,True
1788254448.3039196,5,fixation,none,0.020351554633155078,-0.10854157024674693,0.4178001284599304,0.5005464911460876,True
1788254448.3239121,5,fixation,none,0.013095321651031555,-0.09534327563270928,0.41803154945373533,0.49997870326042176,True
1788254448.3597476,5,fixation,none,0.014958347677465511,-0.0840294914771651,0.4173518896102905,0.500082504749298,True
1788254448.3887482,5,fixation,none,0.0198777839191977,-0.09538263624528132,0.41819034814834594,0.5007935166358948,True
1788254448.427645,5,fixation,none,0.017106890517780138,-0.08262545441505353,0.4172349154949188,0.49990834593772887,True
1788254448.447643,5,fixation,none,0.013377442377612514,-0.1115347369003028,0.418379670381546,0.5006215691566467,True
1788254448.485801,5,stimulus,right,0.007566850390276714,-0.06722355752305065,0.41732366681098937,0.5000100016593934,True
1788254448.5193963,5,stimulus,right,0.020681600064580308,-0.09051310179167493,0.4172054648399353,0.5008226633071899,True
1788254448.5550773,5,stimulus,right,0.014184598403535364,-0.10221975221974011,0.4179509341716766,0.5014087438583374,True
1788254448.5799522,5,stimulus,right,0.016179254336461057,-0.06482386705196541,0.41732012033462523,0.5012614369392395,True
1788254448.6127744,5,stimulus,right,0.01710962352521761,-0.0911648424757433,0.41730130910873414,0.5012161254882812,True
1788254448.647272,5,stimulus,right,0.018946563004877848,-0.09465464081380093,0.41721370816230774,0.5008860886096954,True
1788254448.6752732,5,stimulus,right,0.016648347835727884,-0.10139618116422788,0.41737687587738037,0.5016069710254669,True
1788254448.735926,5,stimulus,right,0.018851639143528942,-0.0843103164092791,0.4171107351779938,0.5011351585388184,True
1788254448.759822,5,stimulus,right,0.016008856302062502,-0.08112850369449387,0.41660505533218384,0.5019774913787842,True
1788254448.788539,5,stimulus,right,0.019089138860869936,-0.09223350420800647,0.4170645773410797,0.5025477409362793,True
1788254448.8221276,5,stimulus,right,0.014060999240727123,-0.09142914577840666,0.41686503291130067,0.5028977990150452,True
1788254448.8534276,5,stimulus,right,0.01710518425991092,-0.09521747736537423,0.4171536326408386,0.5028397083282471,True
1788254448.8856745,5,stimulus,right,0.010507068345335546,-0.08404800560907122,0.41628159284591676,0.5031266629695892,True
1788254448.918029,5,stimulus,right,-0.0006338854302504471,-0.09931050283882104,0.41123429536819456,0.5031666278839111,True
1788254448.9466484,5,stimulus,right,0.004346141003608861,-0.0346984970225126,0.40450488924980166,0.49996415972709657,True
1788254448.9846632,5,stimulus,right,-0.000488001870803223,-0.05934560509042108,0.3951952576637268,0.495476633310318,True
1788254449.0111806,5,stimulus,right,0.017393040975249408,-0.0016819451144794995,0.3861404240131378,0.49089330434799194,True
1788254449.0463638,5,stimulus,right,-0.0022340522927398743,-0.036583106920230146,0.3763190805912018,0.48814547061920166,True
1788254449.0763736,5,stimulus,right,-0.05358151949095358,-0.024614680803048294,0.3681661248207092,0.4849559962749481,True
1788254449.112457,5,stimulus,right,-0.023663151771580404,-0.06828315298896637,0.36433435678482057,0.4826380848884583,True
1788254449.1690106,5,stimulus,right,0.0074872366480661645,-0.0948782159401298,0.3614740133285522,0.4801798820495605,True
1788254449.1901977,5,stimulus,right,-0.043305966048970856,-0.15148645556263818,0.3561819612979889,0.47902321219444277,True
1788254449.2204227,5,stimulus,right,-0.08871398044777445,-0.16378298475999187,0.3549880862236023,0.47857711315155027,True
1788254449.251946,5,stimulus,right,-0.03695581523083136,-0.1706282381495976,0.3542885661125183,0.4782796621322632,True
1788254449.2899625,5,stimulus,right,-0.013659557384125942,-0.12499344439283666,0.35434672236442566,0.4796656548976898,True
1788254449.3124409,5,stimulus,right,-0.012662339073130857,-0.1626041091489201,0.3537438094615936,0.47931532859802245,True
1788254449.347445,5,stimulus,right,-0.008524243626611194,-0.17703959169851458,0.35316869616508484,0.4797199249267578,True
1788254449.382458,5,stimulus,right,-0.009698522706920731,-0.15442536211456936,0.3534323811531067,0.48025146722793577,True
1788254449.4154527,5,stimulus,right,-0.04399658338806389,-0.21705680874687938,0.3530781984329224,0.48069660663604735,True
1788254449.4444523,5,stimulus,right,-0.009482216251814779,-0.13373201811274438,0.35267363786697387,0.4811135768890381,True
1788254449.4789646,5,stimulus,right,-0.014898304528934925,-0.1295826579283259,0.3522602140903473,0.48141453266143797,True
1788254449.5135317,5,stimulus,right,-0.029274584285364114,-0.1620990959415971,0.3531515121459961,0.48113332986831664,True
1788254449.5415351,5,stimulus,right,-0.034134660408293604,-0.1586368418125057,0.3532369375228882,0.4803451061248779,True
1788254449.6004407,5,stimulus,right,7.959704752968921e-05,-0.16255353000612827,0.3533330261707306,0.4803361654281616,True
1788254449.6241953,5,stimulus,right,-0.048114850215765226,-0.1763652102495452,0.3526287376880646,0.48051818609237673,True
1788254449.6570299,5,stimulus,right,-0.00424649543859168,-0.14185473908016522,0.353134948015213,0.48014147877693175,True
1788254449.6831484,5,stimulus,right,-0.05154510157681058,-0.20435122723611943,0.3526543200016022,0.48101786971092225,True
1788254449.7198205,5,stimulus,right,-0.039365961314526854,-0.1796033519744611,0.3534290611743927,0.48406038284301756,True
1788254449.7458189,5,stimulus,right,0.005239664534749333,-0.10839528560824374,0.3531127095222473,0.4845156192779541,True
1788254449.784825,5,stimulus,right,-0.000993546011848978,-0.1382444867927537,0.3532292127609253,0.4845215678215027,True
1788254449.8143597,5,stimulus,right,0.00273400665500112,-0.12301717076279928,0.3526667654514313,0.4841879367828369,True
1788254449.8443594,5,stimulus,right,-0.0010230752065905069,-0.1290827050438086,0.352788519859314,0.48386704325675967,True
1788254449.8774326,5,stimulus,right,0.005688216197159424,-0.14018663466820291,0.35302209854125977,0.48422722816467284,True
1788254449.9141319,5,stimulus,right,0.0054423885599177435,-0.11450612311250707,0.3521314263343811,0.4848020076751709,True
1788254449.9396005,5,stimulus,right,-0.02491352698162863,-0.15146177565382324,0.3525928795337677,0.48385215997695924,True
1788254449.976611,5,stimulus,right,-0.02307459254406219,-0.12396182294311664,0.35194494724273684,0.48465927243232726,True
1788254450.0290143,5,stimulus,right,0.007081129172353706,-0.10928452220362828,0.3520072758197784,0.4844323694705963,True
1788254450.0537596,5,stimulus,right,-0.018042020491297994,-0.13081668084529796,0.35148078203201294,0.4844809591770172,True
1788254450.0867743,5,stimulus,right,-0.03851090191500217,-0.09467619172140451,0.35169885158538816,0.4846024394035339,True
1788254450.120402,5,stimulus,right,0.003559614299248559,-0.07060044866183812,0.35127943754196167,0.4847096085548401,True
1788254450.1461382,5,stimulus,right,-0.051521015923358116,-0.09453122745963494,0.3516742825508118,0.48604887127876284,True
1788254450.183773,5,stimulus,right,0.03223085265823411,-0.10927534451306342,0.35129056572914125,0.48578680753707887,True
1788254450.2123563,5,stimulus,right,0.013260953520268903,-0.10013943248124113,0.35161292552948,0.48632435202598573,True
1788254450.2491815,5,stimulus,right,0.006540245178931037,-0.08709325135367318,0.350801819562912,0.4862592160701752,True
1788254450.2791815,5,stimulus,right,0.0038804179570609554,-0.10788027764411479,0.35203406810760496,0.48608132004737853,True
1788254450.3117158,5,stimulus,right,0.00046140701307217924,-0.0871214078439757,0.3512625455856323,0.4869516670703888,True
1788254450.3407557,5,stimulus,right,0.00546451736594189,-0.11896506647852645,0.3520319998264313,0.48609338998794555,True
1788254450.3717587,5,stimulus,right,0.03195608167430841,-0.11088552390473261,0.35207785964012145,0.4859872698783875,True
1788254450.4072876,5,stimulus,right,0.016601851037914117,-0.09831082908289401,0.3515625298023224,0.48786821961402893,True
1788254450.462551,5,stimulus,right,0.027774711974251187,-0.09115574101425095,0.3520141184329987,0.48708087801933286,True
1788254450.7852614,6,fixation,none,0.00997396495792413,-0.07932429102085625,0.3517734110355377,0.4879103660583496,True
1788254450.8042712,6,fixation,none,-0.029300463731148918,-0.11773629758553894,0.3497353374958038,0.48178314566612246,True
1788254450.8466632,6,fixation,none,0.010007685393872978,-0.09691585879732612,0.3494445741176605,0.48111740350723264,True
1788254450.8917503,6,fixation,none,0.020367632362807142,-0.062391006509622926,0.3499107718467712,0.48161402344703674,True
1788254450.9147038,6,fixation,none,0.0166259857526867,-0.08109227431569155,0.35045732855796813,0.48070046305656433,True
1788254450.9550114,6,fixation,none,0.0009049285823345965,-0.10998326462426955,0.34951079487800596,0.4826926112174988,True
1788254450.9819727,6,fixation,none,0.014719065465517933,-0.054446034010840916,0.3508384644985199,0.48311127424240113,True
1788254451.0140367,6,fixation,none,0.014873778415317895,-0.08176625757903633,0.3504642128944397,0.48404749035835265,True
1788254451.0460322,6,fixation,none,-0.015686618802862706,-0.12336806448615534,0.35005983114242556,0.4837401807308197,True
1788254451.0765195,6,fixation,none,0.003390353585702388,-0.051000620280778675,0.35007322430610655,0.485327285528183,True
1788254451.1110535,6,fixation,none,0.001942899216181515,-0.10461365817776058,0.35120142102241514,0.4854099452495575,True
1788254451.1390517,6,fixation,none,0.03565816121347465,-0.11053588312939766,0.3515425741672516,0.485267835855484,True
1788254451.1770508,6,fixation,none,0.02983338531571278,-0.11031862164711681,0.3515442430973053,0.4853032946586609,True
1788254451.2041025,6,fixation,none,0.016021739773240395,-0.11376099003195994,0.35478460788726807,0.48389114141464235,True
1788254451.241586,6,fixation,none,0.007438188805825807,-0.09613188229383618,0.3589813768863678,0.481646740436554,True
1788254451.2715836,6,fixation,none,0.0034353473208518226,-0.03966810099040574,0.3627099871635437,0.4837646305561066,True
1788254451.3271534,6,fixation,none,0.0024770790956479827,0.01862701346688944,0.36611823439598085,0.48443386554718015,True
1788254451.3481526,6,fixation,none,-0.0012892186623810753,0.012941351361663522,0.3705929934978485,0.4847783923149109,True
1788254451.3828094,6,fixation,none,-0.013414294251163139,0.02071723145164306,0.3755458354949951,0.48666200041770935,True
1788254451.4134371,6,fixation,none,-0.012574385578270841,-0.026421375731147778,0.38139986991882324,0.48714863657951357,True
1788254451.4474382,6,fixation,none,-0.013708147189889774,-0.024714921009386548,0.386686646938324,0.486659449338913,True
1788254451.4745097,6,fixation,none,-0.014834735505235064,-0.025754731671201014,0.3922164082527161,0.4886165499687195,True
1788254451.5113277,6,fixation,none,-0.005722973866749803,-0.01744783064353994,0.39651867747306824,0.4885868191719055,True
1788254451.5413237,6,fixation,none,0.01911523019974859,-0.05171253281479293,0.4015232563018799,0.4892812311649323,True
1788254451.572335,6,fixation,none,0.008290905741867971,-0.08054702943389769,0.404528534412384,0.49177014231681826,True
1788254451.6078367,6,fixation,none,-0.00028762770098278434,-0.07609017837090803,0.4072135269641876,0.49321932792663575,True
1788254451.6388366,6,fixation,none,0.005617134800813717,-0.07578210762609239,0.41029247641563416,0.4942403376102448,True
1788254451.6675253,6,fixation,none,0.005760764566618226,-0.05387502074325601,0.41166271567344664,0.496270489692688,True
1788254451.7078383,6,fixation,none,0.004181117218589603,-0.07091022267996983,0.41448627710342406,0.496497768163681,True
1788254451.7511325,6,fixation,none,0.012264106880819803,-0.07167517756914177,0.41591221690177915,0.4967112302780151,True
1788254451.778856,6,fixation,none,0.004668313295974835,-0.09928823380071483,0.4169273316860199,0.4982189178466797,True
1788254451.8163,6,fixation,none,-0.008310716374671179,-0.08139249699742235,0.41813615560531614,0.5002886652946472,True
1788254451.841768,6,fixation,none,-0.00374624628144693,-0.07147555818384976,0.4189733028411865,0.5014498054981231,True
1788254451.8852446,6,fixation,none,-0.0070124512136614525,-0.08538993103396741,0.4198179364204407,0.5026470184326172,True
1788254451.905756,6,fixation,none,-0.004202367113780636,-0.09509309265581767,0.4198069989681244,0.5031291961669921,True
1788254451.9470608,6,fixation,none,-0.00034740960145207556,-0.10280472433822463,0.41995794177055357,0.5027040302753448,True
1788254451.974061,6,fixation,none,-0.0014277794184250903,-0.1088434661369393,0.42013038992881774,0.5031162679195404,True
1788254452.005408,6,fixation,none,0.005473661380349548,-0.09898709042289333,0.4202375769615173,0.5032540738582612,True
1788254452.0382347,6,fixation,none,0.004648847530462796,-0.10295938074307243,0.42002358436584475,0.5040213942527771,True
1788254452.0660982,6,fixation,none,-0.0016908398408991276,-0.08840224921361839,0.41989012360572814,0.5042021334171295,True
1788254452.1002767,6,fixation,none,0.0014858834089505057,-0.09305915110349239,0.4197109878063202,0.5048392355442047,True
1788254452.1354373,6,fixation,none,0.0013876425985156482,-0.08663951303422457,0.41949719190597534,0.5041633248329163,True
1788254452.1919703,6,fixation,none,0.0016907519436865082,-0.08868558886911349,0.4198263168334961,0.5047397494316102,True
1788254452.2139454,6,fixation,none,0.007478113679559195,-0.07018029032392581,0.4195313394069672,0.5048358500003814,True
1788254452.2435482,6,fixation,none,0.007326335818412577,-0.08857997428027009,0.41951276659965514,0.5048593044281006,True
1788254452.2781796,6,fixation,none,0.01219390124392461,-0.09606370884171223,0.41930787563323973,0.504165917634964,True
1788254452.313102,6,fixation,none,0.0041603807758702205,-0.0904304164449754,0.41880995631217954,0.5042726993560791,True
1788254452.3386095,6,fixation,none,0.0046907971964512685,-0.07735636805729706,0.4186440706253052,0.504898077249527,True
1788254452.3777034,6,fixation,none,0.004684337121797388,-0.09588296454720702,0.41890872120857237,0.5046842932701111,True
1788254452.407719,6,fixation,none,0.008843067986776143,-0.08258914932122607,0.4190251648426056,0.5049991428852081,True
1788254452.435244,6,fixation,none,0.0035804599876297916,-0.11790298964698276,0.4190482318401337,0.5041448593139648,True
1788254452.4712477,6,fixation,none,0.0043644897721074605,-0.08877992701701354,0.4190869927406311,0.5044251441955566,True
1788254452.4977677,6,fixation,none,0.006889702727817748,-0.08072749583646821,0.41943668723106386,0.5045424222946167,True
1788254452.540089,6,fixation,none,0.0013944417599617287,-0.07551487530865031,0.4190989851951599,0.504932564496994,True
1788254452.5670156,6,fixation,none,0.012323934555814042,-0.06485818049176884,0.4195156395435333,0.5048078894615173,True
1788254452.6187735,6,fixation,none,0.0019506588470082908,-0.08837309336857757,0.4192941427230835,0.5049090802669525,True
1788254452.6457808,6,fixation,none,0.008536729016170641,-0.09313712067568947,0.41900253891944883,0.5046217620372773,True
1788254452.6719654,6,fixation,none,0.002124730537038322,-0.10037925666104675,0.4185796856880188,0.5051911354064942,True
1788254452.71671,6,fixation,none,0.0048385696885845375,-0.09603020660240591,0.41848149299621584,0.5059787631034851,True
1788254452.7452304,6,fixation,none,-0.0029508369673405532,-0.09950513163844854,0.41800369024276735,0.5062841653823853,True
1788254452.7762303,6,fixation,none,0.0008432639028848055,-0.07681723743603608,0.4183509171009064,0.5074152827262879,True
1788254452.8034012,6,fixation,none,0.005102871523377961,-0.09217943254360828,0.4187049210071564,0.5089868843555451,True
1788254452.8373911,6,fixation,none,0.0038985897583295737,-0.09139479941812445,0.41893085837364197,0.50954829454422,True
1788254452.8733964,6,fixation,none,-0.004889910882790338,-0.09511317814598508,0.418363094329834,0.5095024228096008,True
1788254452.899148,6,fixation,none,-0.0004325267831737367,-0.09098273506115939,0.41828969717025755,0.509753555059433,True
1788254452.9352105,6,fixation,none,0.005790642915970312,-0.07503629730279915,0.4182171285152435,0.510278856754303,True
1788254452.9661515,6,fixation,none,-0.003441078615393778,-0.08573679279813762,0.41780858635902407,0.5111613929271698,True
1788254452.9962451,6,fixation,none,0.002768312897925118,-0.07072844352578045,0.418247777223587,0.5105170786380768,True
1788254453.0560863,6,fixation,none,0.005450201852316039,-0.08050401312012556,0.41831990480422976,0.5110914647579193,True
1788254453.080083,6,fixation,none,0.004544934546170665,-0.08612757148264327,0.41819697618484497,0.5118408918380737,True
1788254453.112681,6,fixation,none,-0.0010505897884144355,-0.07714983491201277,0.4177542746067047,0.5119173169136048,True
1788254453.140054,6,fixation,none,0.0023685248090822286,-0.08309799166900256,0.4176505386829376,0.5126898169517518,True
1788254453.177202,6,fixation,none,0.0018869169244771777,-0.07504415055374647,0.41767460107803345,0.5118418037891388,True
1788254453.204545,6,fixation,none,-3.294097926465067e-05,-0.08576320705273388,0.4175491273403168,0.5115453660488128,True
1788254453.2411485,6,fixation,none,0.006241589634732203,-0.08410226638754192,0.41748484373092654,0.5116435587406158,True
1788254453.268614,6,fixation,none,0.003743349377781091,-0.08553216385989604,0.4176141917705536,0.5123246788978577,True
1788254453.3061602,6,fixation,none,0.003693394335949396,-0.09126229482665349,0.4179046392440796,0.511557549238205,True
1788254453.3295603,6,fixation,none,0.004736059313359742,-0.08336927442736786,0.41746904850006106,0.511903178691864,True
1788254453.3692646,6,fixation,none,0.010531681308558638,-0.10193049528847586,0.41785378456115724,0.5113604605197907,True
1788254453.3942666,6,fixation,none,0.0021151488838067056,-0.10842713234079215,0.41810664534568787,0.5112191319465638,True
1788254453.432611,6,fixation,none,0.005425240929536668,-0.1070194211630775,0.41818525791168215,0.5112014710903168,True
1788254453.4856367,6,fixation,none,0.0021264276391252945,-0.11052814662972388,0.41775391697883607,0.5121467769145965,True
1788254453.5116284,6,fixation,none,0.007546080239568487,-0.11379795312857288,0.41767538189888,0.51115642786026,True
1788254453.5436308,6,fixation,none,-0.000874613165563809,-0.08415290058568514,0.41752026081085203,0.51101233959198,True
1788254453.57263,6,fixation,none,0.00032426137702790125,-0.099580275823554,0.41753650903701783,0.512199980020523,True
1788254453.6005857,6,fixation,none,0.0042859827427492725,-0.10014812349657243,0.4178060173988342,0.5117614984512329,True
1788254453.6369703,6,fixation,none,0.005483286452838687,-0.107441561603006,0.4178807735443115,0.5122162342071533,True
1788254453.6693754,6,fixation,none,0.004556948769666724,-0.10904103753569794,0.4174093961715698,0.5122780978679657,True
1788254453.7034533,6,fixation,none,0.0014517163362629537,-0.09694466069519714,0.41789087653160095,0.5128988146781921,True
1788254453.732445,6,fixation,none,0.008754308260765842,-0.09858669280433807,0.41810579895973204,0.5124742805957794,True
1788254453.7664628,6,fixation,none,0.0026465406425127957,-0.09219290663117807,0.4181998550891876,0.5126997947692871,True
1788254453.7989557,6,stimulus,left,0.008550074477104652,-0.10759748125488566,0.4181641459465027,0.5128572463989258,True
1788254453.8299015,6,stimulus,left,0.0027516595518772835,-0.10464694686871479,0.41820862889289856,0.5123938202857972,True
1788254453.8600101,6,stimulus,left,0.012454726202056565,-0.11205211190676034,0.41789278388023376,0.5123322248458863,True
1788254453.9195569,6,stimulus,left,0.01224267409519697,-0.1052589669704106,0.4178734481334686,0.5129407286643982,True
1788254453.9435542,6,stimulus,left,0.00799959214426893,-0.11158685246806832,0.4176222801208496,0.5136673331260682,True
1788254453.9703214,6,stimulus,left,0.005056185929939283,-0.10721829573601149,0.41770832538604735,0.5135621190071106,True
1788254454.0071008,6,stimulus,left,0.004180193939515187,-0.10894311898223186,0.41690037250518797,0.5142635822296142,True
1788254454.0371044,6,stimulus,left,0.010579715982994897,-0.11947419314836527,0.4172048032283783,0.5143988370895386,True
1788254454.0770998,6,stimulus,left,0.01317202702797371,-0.11177349051526031,0.4170122444629669,0.5145788848400116,True
1788254454.0996356,6,stimulus,left,0.007281852498732033,-0.12575226785221183,0.41756902933120726,0.5148444831371307,True
1788254454.1348448,6,stimulus,left,0.00908913278115786,-0.11557649460222685,0.4172868847846985,0.5149236202239991,True
1788254454.167845,6,stimulus,left,0.011381044020486786,-0.11503021297220406,0.41719537377357485,0.5147186934947967,True
1788254454.199371,6,stimulus,left,0.002328554659764004,-0.09933572034919225,0.4182922661304474,0.5161550283432007,True
1788254454.23007,6,stimulus,left,0.004219884227215975,-0.09766048026866914,0.42199703454971316,0.5166268348693848,True
1788254454.2630742,6,stimulus,left,-0.00787332795490514,-0.0525666617509597,0.4238382399082184,0.5168695092201233,True
1788254454.2938857,6,stimulus,left,0.00495184346500166,-0.07139079213779131,0.42624881863594055,0.5162509679794312,True
1788254454.3515048,6,stimulus,left,0.005221632203674331,-0.09536201176752046,0.42849705219268797,0.5161705255508423,True
1788254454.3734198,6,stimulus,left,-0.017158923528214243,-0.10056345585773241,0.4318021833896637,0.5161190450191497,True
1788254454.4059403,6,stimulus,left,0.012209790273494892,-0.09713116704212865,0.43698498606681824,0.5161378860473633,True
1788254454.439753,6,stimulus,left,-0.0053619810245733035,-0.03477975990631399,0.4417148232460022,0.515434980392456,True
1788254454.4675539,6,stimulus,left,-0.01552180268738157,-0.010155000549496807,0.44794753193855286,0.5145588755607605,True
1788254454.4950643,6,stimulus,left,-0.03832546647733537,0.002162414066855578,0.4581668436527252,0.5138820528984069,True
1788254454.5281193,6,stimulus,left,-0.03000645306730243,-0.043473402108280546,0.4685829758644104,0.5134778082370758,True
1788254454.57112,6,stimulus,left,-0.022880510256636954,-0.08069295677029653,0.4773583173751831,0.515437924861908,True
1788254454.6021233,6,stimulus,left,-0.026836017443311655,-0.052118585003068985,0.4865363359451294,0.5156279802322388,True
1788254454.6296356,6,stimulus,left,-0.014559602146401063,-0.09646153196414686,0.49455618262290957,0.5167233109474182,True
1788254454.6596324,6,stimulus,left,-0.008455244903294523,-0.08663431421994561,0.5001648485660553,0.5175869464874268,True
1788254454.6936953,6,stimulus,left,-0.00034781792158156133,-0.10537095414525977,0.5023871183395385,0.5162607073783875,True
1788254454.7262084,6,stimulus,left,0.007341921196958201,-0.08960785501228141,0.5025851607322693,0.5165376186370849,True
1788254454.7842107,6,stimulus,left,-0.0025097409107435187,-0.09447491116055473,0.5037454724311828,0.5150089681148529,True
1788254454.807751,6,stimulus,left,-0.01885193402011376,-0.09221793685879176,0.5030948638916015,0.5150540292263031,True
1788254454.8382306,6,stimulus,left,-0.011957488299254693,-0.11607474128430506,0.5039455652236938,0.5142263412475586,True
1788254454.8732276,6,stimulus,left,-0.008281190309678887,-0.094401659564882,0.5031868398189545,0.514214152097702,True
1788254454.9032447,6,stimulus,left,-0.0032532968113497818,-0.08894498673127227,0.5031319499015808,0.5128590226173401,True
1788254454.9362402,6,stimulus,left,-0.014820582601262067,-0.1115224415658791,0.5038215160369873,0.5127418875694275,True
1788254454.967472,6,stimulus,left,-0.008128675283200049,-0.10143291422214662,0.5036350965499878,0.512038916349411,True
1788254455.0026827,6,stimulus,left,-0.016285213381475705,-0.09076951916727327,0.5027329564094544,0.512118124961853,True
1788254455.026749,6,stimulus,left,-0.000415828295164955,-0.10804193410313734,0.5031911969184876,0.5122250914573669,True
1788254455.067749,6,stimulus,left,-0.006016856008328797,-0.11530535218375526,0.5035501599311829,0.5125653088092804,True
1788254455.087695,6,stimulus,left,-0.013221067874788273,-0.10286331453755526,0.5030592203140258,0.5118346095085144,True
1788254455.1346195,6,stimulus,left,-0.015422402386975342,-0.10451496535542548,0.503096467256546,0.5117948472499847,True
1788254455.1566951,6,stimulus,left,-0.01493450861680734,-0.12315555017862079,0.5031056642532349,0.5116283893585205,True
1788254455.215733,6,stimulus,left,-0.0019809244072873655,-0.13511363227832662,0.502797418832779,0.5123010158538819,True
1788254455.2400978,6,stimulus,left,-0.01780724379072074,-0.10033728199388192,0.5033435702323914,0.5125767588615417,True
1788254455.2746089,6,stimulus,left,-0.004800404647639422,-0.13016626393619068,0.5026761531829834,0.511797297000885,True
1788254455.303265,6,stimulus,left,-0.018039262731001426,-0.12238036064536284,0.50253546833992,0.5121586382389068,True
1788254455.3317559,6,stimulus,left,-0.007774274411309512,-0.13168332294095852,0.503086245059967,0.5119440972805023,True
1788254455.371047,6,stimulus,left,-0.00919601076941623,-0.11520705578370971,0.502790504693985,0.5124463140964508,True
1788254455.399263,6,stimulus,left,-0.017662804093536155,-0.13030320111892224,0.5027190029621125,0.5127436757087708,True
1788254455.4277916,6,stimulus,left,-0.022946892692404464,-0.13018522808056776,0.5020851254463196,0.5126184582710266,True
1788254455.4648778,6,stimulus,left,-0.028007447683942366,-0.09590058674791946,0.5020269691944123,0.5133281230926514,True
1788254455.4958916,6,stimulus,left,-0.01633196386746938,-0.09553893204934327,0.5015263199806214,0.5133353710174561,True
1788254455.5264103,6,stimulus,left,-0.008921044578321768,-0.11432630900315388,0.5019053399562836,0.51296626329422,True
1788254455.559409,6,stimulus,left,-0.010838430653128506,-0.11171723687406399,0.501587164402008,0.5130114316940307,True
1788254455.5878801,6,stimulus,left,0.0030926374594612005,-0.09362043150013943,0.501828956604004,0.5126866221427917,True
1788254455.6485653,6,stimulus,left,-0.016095996528716516,-0.09391418654201278,0.5015357613563538,0.5134695887565612,True
1788254455.672566,6,stimulus,left,-0.01799757342572994,-0.12455282478952667,0.5011949002742767,0.5134788870811462,True
1788254455.7018394,6,stimulus,left,-0.011770678199730544,-0.11474850328405761,0.5017900168895721,0.5127268970012665,True
1788254455.7349179,6,stimulus,left,-0.028188212759834852,-0.09223171090657023,0.5013456702232361,0.5128617584705353,True
1788254455.7629175,6,stimulus,left,-0.02670376669424368,-0.11411051579191578,0.501424765586853,0.5137196063995362,True
1788254455.8024645,6,stimulus,left,-0.00835452108212309,-0.11034666990648812,0.502085292339325,0.5128585696220398,True
1788254456.1304314,7,fixation,none,-0.022893488782651406,-0.08219164679820934,0.5004206001758575,0.5129580616950988,True
1788254456.1563528,7,fixation,none,-0.013891268363852682,-0.10516147349415617,0.4986799120903015,0.511203134059906,True
1788254456.172353,7,fixation,none,-0.02959834435730524,-0.11285586418419902,0.4992331385612488,0.5109819412231446,True
1788254456.1913571,7,fixation,none,-0.01946688626777482,-0.11846424195440108,0.4991938292980194,0.5110693395137786,True
1788254456.2302234,7,fixation,none,-0.02284820228948381,-0.0990703447154806,0.49891098141670226,0.5111491918563843,True
1788254456.2609239,7,fixation,none,-0.02972551922777511,-0.11124727387781641,0.4988489866256714,0.5111283421516418,True
1788254456.2968855,7,fixation,none,-0.012491716101701189,-0.1232625137166985,0.49827757477760315,0.5112225890159607,True
1788254456.3244772,7,fixation,none,-0.013199912586852824,-0.12165150928177648,0.4990748405456543,0.5109004020690918,True
1788254456.3583982,7,fixation,none,-0.013829543225353791,-0.12215474513499824,0.49846735000610354,0.5107966661453247,True
1788254456.389559,7,fixation,none,-0.021151778266568555,-0.12017213344519462,0.4983173251152039,0.511119955778122,True
1788254456.424835,7,fixation,none,-0.011035559990984822,-0.13221280871343555,0.4975078582763672,0.511229807138443,True
1788254456.4537528,7,fixation,none,-0.0037500173119743296,-0.09637375947402915,0.49264744520187376,0.5112137794494629,True
1788254456.498867,7,fixation,none,-0.02017396138004368,-0.07083263309945109,0.4849435269832611,0.5108956098556519,True
1788254456.5364022,7,fixation,none,-0.0077044467773268455,-0.09305885872259378,0.47745988965034486,0.5111833453178406,True
1788254456.561482,7,fixation,none,-0.022368605702429156,-0.1137061198417928,0.4695345342159271,0.5103120267391205,True
1788254456.6031582,7,fixation,none,-0.027944941651285027,-0.121373421482867,0.4622697591781616,0.510026878118515,True
1788254456.6260734,7,fixation,none,-0.00874802204046754,-0.06916137010216228,0.45460044145584105,0.5107161164283752,True
1788254456.6610737,7,fixation,none,-0.006864270216636936,-0.08061243081914271,0.4477625906467438,0.5101650536060334,True
1788254456.7001324,7,fixation,none,-0.005932978794173649,-0.08905205898286417,0.442628413438797,0.5097140192985534,True
1788254456.7206857,7,fixation,none,-0.01370199841524955,-0.08647836653953833,0.4379910171031952,0.5098924577236176,True
1788254456.761752,7,fixation,none,-0.012666743627285926,-0.08943995306051522,0.43304983973503114,0.5102307677268982,True
1788254456.7878475,7,fixation,none,-0.002453498840241264,-0.08679292693899099,0.4291697382926941,0.5120574474334717,True
1788254456.8266137,7,fixation,none,-0.008097027732867246,-0.09217088065388379,0.4269663870334625,0.5114310920238495,True
1788254456.847613,7,fixation,none,0.0009442797698757666,-0.11323225021519878,0.4243907034397125,0.5110841453075409,True
1788254456.886638,7,fixation,none,0.008307197930336963,-0.11019997577884078,0.4224060833454132,0.5108535945415497,True
1788254456.9383128,7,fixation,none,0.01416973222608553,-0.1261787562697454,0.4207124292850494,0.5108481168746948,True
1788254456.9713132,7,fixation,none,0.00722762279645639,-0.1138995039537134,0.4196117103099823,0.5113129794597626,True
1788254457.002908,7,fixation,none,0.0065865501032523754,-0.1127255895992586,0.41949893832206725,0.5112214326858521,True
1788254457.0309997,7,fixation,none,0.010019629775389838,-0.09413683762778036,0.4186563789844513,0.5120942831039429,True
1788254457.0561225,7,fixation,none,0.0011726695008603683,-0.0911675796181759,0.4185433924198151,0.5124530971050263,True
1788254457.101135,7,fixation,none,0.007503319204779424,-0.10353316513710076,0.41866788268089294,0.5129999637603759,True
1788254457.1222963,7,fixation,none,0.009227104483886639,-0.10190178933298777,0.4183907985687256,0.5134374022483825,True
1788254457.1587598,7,fixation,none,0.008161958527318935,-0.10560575124065896,0.4180889427661896,0.5132881224155426,True
1788254457.1877625,7,fixation,none,0.009604866825957514,-0.11769678952693663,0.41727225184440614,0.5137829840183258,True
1788254457.218569,7,fixation,none,0.01376162055104424,-0.12891921011017526,0.4170272469520569,0.5126351833343505,True
1788254457.2555647,7,fixation,none,0.011919816066207845,-0.10921307715794693,0.41698952913284304,0.5126612901687622,True
1788254457.2895253,7,fixation,none,0.01560127752881979,-0.12212523215531212,0.41658461689949033,0.5132890939712524,True
1788254457.3150845,7,fixation,none,0.02315162340954091,-0.13879267872732748,0.41578544974327086,0.5116268515586853,True
1788254457.3723528,7,fixation,none,0.02699470649860858,-0.12019107842052656,0.4144855856895447,0.5107861995697022,True
1788254457.3933618,7,fixation,none,0.010486814421931778,-0.10329577427361103,0.4098111271858215,0.5098993301391601,True
1788254457.4306955,7,fixation,none,0.007880425377383315,-0.12070519248167155,0.40777781009674074,0.5103564620018005,True
1788254457.4586937,7,fixation,none,0.006560954167905142,-0.1171118425152845,0.40591928362846375,0.5089651823043824,True
1788254457.4952312,7,fixation,none,0.010089413556405469,-0.12496404263406702,0.4048425734043121,0.5080245018005372,True
1788254457.5248067,7,fixation,none,0.01457347303814982,-0.1336886075154381,0.4049272000789642,0.5089335918426514,True
1788254457.558733,7,fixation,none,0.01433834944130774,-0.11052936304179473,0.4042225658893585,0.5089146494865417,True
1788254457.587802,7,fixation,none,0.010195457077657122,-0.11312786460219659,0.40412636995315554,0.509010499715805,True
1788254457.6220267,7,fixation,none,0.013908805606915431,-0.11576762072251623,0.4047962248325348,0.5093409717082977,True
1788254457.6580284,7,fixation,none,0.010800301905109833,-0.11023822124159754,0.40496132969856263,0.5087996304035187,True
1788254457.6821125,7,fixation,none,0.011818232300245257,-0.11941551408218842,0.4050037801265717,0.5093503475189209,True
1788254457.7174058,7,fixation,none,0.011420753450790522,-0.10524930098695873,0.4052879810333252,0.5089074492454528,True
1788254457.75186,7,fixation,none,0.007657825200261259,-0.10670291727075965,0.40536190271377565,0.5084004044532776,True
1788254457.8083298,7,fixation,none,0.012281401517136192,-0.09884273929831455,0.4065825521945953,0.508614593744278,True
1788254457.8263168,7,fixation,none,0.013631766144982849,-0.09679310382067596,0.41120821237564087,0.5100363433361054,True
1788254457.8668551,7,fixation,none,0.013548097297762518,-0.11037709116414152,0.41190144419670105,0.5107597231864929,True
1788254457.8912196,7,fixation,none,0.01380539295235883,-0.10969036865429671,0.4125805556774139,0.5118257462978363,True
1788254457.925137,7,fixation,none,0.01161850725556024,-0.10563846022392032,0.4137276947498322,0.5118007183074951,True
1788254457.953135,7,fixation,none,0.015542615467187382,-0.12602826290227387,0.41417872309684756,0.5118679702281952,True
1788254457.9946165,7,fixation,none,0.019467484398954626,-0.10187608029825945,0.41462690234184263,0.5118103921413422,True
1788254458.021083,7,fixation,none,0.012266730007386095,-0.10498393526670846,0.41447067856788633,0.5118880927562713,True
1788254458.0585072,7,fixation,none,0.011506987677120661,-0.11558301524931947,0.41484017968177794,0.512289959192276,True
1788254458.0844433,7,fixation,none,0.009643298052575466,-0.10125308936103072,0.41456531882286074,0.5123571217060089,True
1788254458.1229808,7,fixation,none,0.009133005977552622,-0.10038774392534178,0.41493775844573977,0.5131171345710754,True
1788254458.1479928,7,fixation,none,0.008318960571204959,-0.10360242845137813,0.4151298999786377,0.5137020170688629,True
1788254458.1855397,7,fixation,none,0.0021754981065154055,-0.09690780428123347,0.4148608326911926,0.514254891872406,True
1788254458.2321644,7,fixation,none,0.013445956515252377,-0.10901590563923791,0.41524534821510317,0.5143369317054749,True
1788254458.258164,7,fixation,none,0.007685011590493507,-0.11413376976931877,0.4150137662887573,0.5147944033145905,True
1788254458.2923167,7,fixation,none,0.010214428380108997,-0.13159613083962607,0.41523154973983767,0.5147694826126099,True
1788254458.3307738,7,fixation,none,0.010834926170571357,-0.1227601067293903,0.4152955710887909,0.515556401014328,True
1788254458.3568854,7,fixation,none,0.012631605202969132,-0.12351582459866772,0.4149438917636871,0.5159456253051757,True
1788254458.3888657,7,fixation,none,0.007917636635598524,-0.12154617182823091,0.41525723338127135,0.5169784903526307,True
1788254458.4246266,7,fixation,none,0.009083804497529768,-0.1318035010376789,0.4150083243846893,0.5168779075145722,True
1788254458.4546344,7,fixation,none,0.012973846277971712,-0.12155083574445524,0.4148620903491974,0.5173957824707032,True
1788254458.4860632,7,fixation,none,0.010293730845248983,-0.12419332277393558,0.4148568093776703,0.5177198052406311,True
1788254458.5183754,7,fixation,none,0.009001911278096908,-0.1323675168964089,0.4146153748035431,0.5178393125534058,True
1788254458.5533938,7,fixation,none,0.013253775898768083,-0.13929476220665404,0.4146413505077362,0.5177810311317443,True
1788254458.5799866,7,fixation,none,0.00669026007347473,-0.1303760694221059,0.41452820897102355,0.5169633150100708,True
1788254458.6150975,7,fixation,none,0.011734262776751048,-0.12092093794025038,0.41431899070739747,0.5163864076137543,True
1788254458.6688595,7,fixation,none,0.008213758052594722,-0.12940638888175138,0.414110267162323,0.516627287864685,True
1788254458.6920521,7,fixation,none,0.013727257427947226,-0.13119684868250192,0.41419093012809755,0.5160498738288879,True
1788254458.7303417,7,fixation,none,0.009890687099280426,-0.12293439191963196,0.4140589714050293,0.5167486071586609,True
1788254458.7563813,7,fixation,none,0.0141631924243516,-0.14403086769494455,0.4141131639480591,0.5154173016548157,True
1788254458.794432,7,fixation,none,0.008828770793822494,-0.12590176223947258,0.4137053370475769,0.5158311128616333,True
1788254458.8200428,7,fixation,none,0.006791719701123022,-0.14610394258095039,0.4136457920074463,0.5159761726856231,True
1788254458.8520486,7,fixation,none,0.011445019551823865,-0.14218086850329992,0.41371368169784545,0.5163623273372651,True
1788254458.8850415,7,fixation,none,0.011815704670719684,-0.13049769208806095,0.41348946690559385,0.5163517117500305,True
1788254458.9203167,7,fixation,none,0.013194165829693905,-0.13581169070812016,0.41384483575820924,0.5158826112747192,True
1788254458.9513972,7,fixation,none,0.012588699596271069,-0.12375236562194625,0.413295191526413,0.5159274637699127,True
1788254458.9824276,7,fixation,none,0.006250798480353037,-0.14164725606818662,0.4133169412612915,0.5160478413105011,True
1788254459.0127537,7,fixation,none,0.009487289448034342,-0.13590689590969596,0.4132188200950623,0.5154888331890106,True
1788254459.0497475,7,fixation,none,0.014960980593908713,-0.1402797927847641,0.4132771253585815,0.5154759287834167,True
1788254459.1027622,7,fixation,none,0.01473939669720259,-0.13085781514953565,0.41320533156394956,0.5153299689292907,True
1788254459.129341,7,fixation,none,0.013549036723015218,-0.14704981358808678,0.4131897151470184,0.5149755597114563,True
1788254459.1542642,7,stimulus,left,0.012062453809182694,-0.12328955045838708,0.41321038007736205,0.515212082862854,True
1788254459.1912842,7,stimulus,left,0.011774385234026297,-0.1377600220719135,0.4129931151866913,0.5149283170700073,True
1788254459.2228055,7,stimulus,left,0.019106457695592827,-0.12299722037465544,0.4129582107067108,0.5153934419155121,True
1788254459.2518058,7,stimulus,left,0.0133798099616117,-0.11546882927606261,0.412581604719162,0.5160140991210938,True
1788254459.2918065,7,stimulus,left,0.01543410941884027,-0.1277738892692628,0.41304142475128175,0.5152147769927978,True
1788254459.3139405,7,stimulus,left,0.017939376467349888,-0.11293199939423415,0.4124080777168274,0.5153882741928101,True
1788254459.3499467,7,stimulus,left,0.015174504400331634,-0.125588289562233,0.4126237630844116,0.5152808725833893,True
1788254459.3859413,7,stimulus,left,0.016973460131837315,-0.11983049529516265,0.4123157858848572,0.5159451782703399,True
1788254459.4104834,7,stimulus,left,0.018610965979266147,-0.13562198846304752,0.4123180747032166,0.5164166152477264,True
1788254459.445483,7,stimulus,left,0.013217284511803151,-0.12925747231189844,0.41202459335327146,0.5166788935661316,True
1788254459.478479,7,stimulus,left,0.02314515453213095,-0.12793868453155577,0.41158533096313477,0.5167609214782715,True
1788254459.5360143,7,stimulus,left,0.008672820677436577,-0.11561062581403758,0.4119183123111725,0.517822778224945,True
1788254459.560009,7,stimulus,left,0.016881221805331026,-0.1031445069399024,0.41157770752906797,0.5174453020095825,True
1788254459.586014,7,stimulus,left,0.006206149271567818,-0.11241031914142352,0.41159560084342955,0.5174467206001282,True
1788254459.6228423,7,stimulus,left,0.015580607884768782,-0.11302245625142482,0.4137931942939758,0.5176241159439087,True
1788254459.6555154,7,stimulus,left,0.017849533017135433,-0.13656875513176048,0.41704013347625735,0.5177007675170898,True
1788254459.6855154,7,stimulus,left,0.005675253287686588,-0.12258558371282535,0.4184060156345367,0.5186944007873535,True
1788254459.717153,7,stimulus,left,0.01878749587587747,-0.12218444268841366,0.4212899744510651,0.5179033994674682,True
1788254459.750456,7,stimulus,left,0.013711685512351468,-0.12526251172029024,0.4234305202960968,0.5192223072052002,True
1788254459.7824576,7,stimulus,left,-0.0012361717797341187,-0.10288114072748455,0.4270731985569,0.5190289616584778,True
1788254459.8132584,7,stimulus,left,0.015234923801490718,-0.1111816800283354,0.43067413568496704,0.5195790886878967,True
1788254459.8492594,7,stimulus,left,0.019155309150784783,-0.06152058158276508,0.4346037983894348,0.5192589521408081,True
1788254459.8782613,7,stimulus,left,0.0011480628002454862,-0.08936116939154104,0.43643479943275454,0.5180680871009826,True
1788254459.9121907,7,stimulus,left,-0.001417477770988218,-0.07038819594052503,0.439138126373291,0.5177825570106507,True
1788254459.9674318,7,stimulus,left,-0.0009433143811924394,-0.04829241217866176,0.4413491070270538,0.5197423696517944,True
1788254459.9874432,7,stimulus,left,-0.010150787677830286,-0.059942725164083166,0.44370418787002563,0.5179744243621827,True
1788254460.0269964,7,stimulus,left,0.007706260554891764,-0.0697633664778542,0.44454381465911863,0.5180176734924317,True
1788254460.0489933,7,stimulus,left,-0.0014967237587071303,-0.03437722200093796,0.44468271136283877,0.517755103111267,True
1788254460.094008,7,stimulus,left,-0.0049109506872117015,-0.04105292909662528,0.4446370303630829,0.5176413059234619,True
1788254460.1177487,7,stimulus,left,-0.012531006012057477,-0.063725544350836,0.4450143098831177,0.5184392929077148,True
1788254460.1507182,7,stimulus,left,-0.007241650654265852,-0.046234262798868775,0.44507219195365905,0.5194503545761109,True
1788254460.1817553,7,stimulus,left,-0.012402951232335924,-0.04857687228393681,0.4453383028507233,0.5185709953308105,True
1788254460.2124426,7,stimulus,left,-0.018920134692309465,-0.03783949347757276,0.44474998116493225,0.5194863080978394,True
1788254460.2456245,7,stimulus,left,-0.007387764499035554,-0.048669894512504586,0.44512016177177427,0.5184632182121277,True
1788254460.278645,7,stimulus,left,-0.02287439631193222,-0.08034200995762397,0.44472154378890993,0.5191642642021179,True
1788254460.3057904,7,stimulus,left,-0.019137512210313568,-0.06298813607688059,0.4449393153190613,0.5175193428993226,True
1788254460.343381,7,stimulus,left,-0.02608509659008984,-0.05470915881156069,0.4447520852088928,0.5182643890380859,True
1788254460.4010637,7,stimulus,left,-0.015982072382418333,-0.04132991570162736,0.44443649649620054,0.5189720273017884,True
1788254460.4225833,7,stimulus,left,-0.010615767308284618,-0.055872542649428425,0.4450707733631134,0.5192936420440674,True
1788254460.4538667,7,stimulus,left,-0.013012020261292112,-0.05522359798527354,0.444740891456604,0.5190054655075074,True
1788254460.4832814,7,stimulus,left,-0.009940740340547705,-0.06126884202230298,0.4449052572250366,0.5192482233047485,True
1788254460.5161066,7,stimulus,left,-0.006808591931422803,-0.07255001249310078,0.4443906545639038,0.5196716547012329,True
1788254460.5483875,7,stimulus,left,-0.007657094533287445,-0.06854556660643285,0.4444510698318481,0.5187419295310974,True
1788254460.584391,7,stimulus,left,0.0038031905830280266,-0.06820384789709899,0.4454224228858948,0.5197485208511352,True
1788254460.613407,7,stimulus,left,-0.011864276462653978,-0.060737781584916384,0.44511097073554995,0.5185407400131226,True
1788254460.6479073,7,stimulus,left,-0.01675931469971792,-0.0650855505378386,0.4449773132801056,0.5190593481063843,True
1788254460.6759093,7,stimulus,left,-0.01267703741681403,-0.07319660370926484,0.44520092010498047,0.518896508216858,True
1788254460.7092075,7,stimulus,left,-0.009232460269633314,-0.07592712493602982,0.4449860155582428,0.5187537431716919,True
1788254460.739592,7,stimulus,left,-0.020607614079280467,-0.06619271103125834,0.4452631950378418,0.5185675263404846,True
1788254460.7801652,7,stimulus,left,-0.009420456568401847,-0.06226752839173444,0.44543773531913755,0.5192000985145568,True
1788254460.8287733,7,stimulus,left,-0.011515096929506252,-0.04948773931080841,0.4454422056674957,0.518579077720642,True
1788254460.8547678,7,stimulus,left,-0.018609025941348833,-0.063626833880146,0.44530169367790223,0.5187549114227294,True
1788254460.885688,7,stimulus,left,-0.005960450290572128,-0.06042922559967301,0.44519162774085996,0.5180470824241639,True
1788254460.9202888,7,stimulus,left,-0.006952437443671022,-0.05016257992334727,0.4450427949428558,0.5183390974998474,True
1788254460.9502199,7,stimulus,left,-0.02336572721620589,-0.07026700111338324,0.4453478217124939,0.5191992163658142,True
1788254460.984214,7,stimulus,left,-0.018443485473752408,-0.04754130144900737,0.44539657831192014,0.5187899351119996,True
1788254461.0117595,7,stimulus,left,-0.013197824779469403,-0.06817583859472154,0.4448306381702423,0.5187020659446716,True
1788254461.0457585,7,stimulus,left,-0.012524072515998297,-0.04031517137173446,0.44470014572143557,0.5189731240272522,True
1788254461.0827584,7,stimulus,left,-0.015427710467378342,-0.06260617321482242,0.4447558522224426,0.5189186096191406,True
1788254461.1112773,7,stimulus,left,-0.02073379798125241,-0.05012502939061447,0.4445402085781097,0.5189205884933472,True
1788254461.1402838,7,stimulus,left,-0.010933711390199607,-0.04237282116530916,0.4445824384689331,0.5191012740135192,True
1788254461.466651,8,fixation,none,-0.018967484616423724,-0.04305909556344334,0.4446298658847809,0.519424319267273,True
1788254461.4951427,8,fixation,none,-0.016544407712616782,-0.05257295749887403,0.44464062452316283,0.5193158626556397,True
1788254461.5146532,8,fixation,none,-0.007852270208229761,-0.05641947246667822,0.44475767612457273,0.5190860629081726,True
1788254461.5386593,8,fixation,none,-0.008180336781677622,-0.0890950596072635,0.4443612515926361,0.5187662601470947,True
1788254461.5756593,8,fixation,none,-0.004370916570651251,-0.09033118111185945,0.4440476417541504,0.5178567886352539,True
1788254461.6076674,8,fixation,none,-0.004882391156943444,-0.06143971906040546,0.4443692684173584,0.5177060961723328,True
1788254461.6389039,8,fixation,none,-0.01173407726206499,-0.061752734411409604,0.4445019602775574,0.5179626822471619,True
1788254461.697078,8,fixation,none,-0.013569957574788516,-0.07858201860827507,0.4443211853504181,0.5161796450614929,True
1788254461.7205238,8,fixation,none,-0.01864696141086475,-0.06466748534149791,0.4445605754852295,0.517045545578003,True
1788254461.7490501,8,fixation,none,0.0020866359259766876,-0.05504951974287309,0.44472519159317014,0.5173398733139039,True
1788254461.7841306,8,fixation,none,0.003809542248320086,-0.058846562778564926,0.4449847340583801,0.5170592665672302,True
1788254461.8128333,8,fixation,none,0.0003026170908867476,-0.07498047159669918,0.44479702711105346,0.5157067060470581,True
1788254461.847745,8,fixation,none,-0.0011144136659354542,-0.06643414649740687,0.4449849784374237,0.5160446345806122,True
1788254461.875744,8,fixation,none,-0.0002753371178417785,-0.06520027494962743,0.44478082060813906,0.5162036716938019,True
1788254461.9132738,8,fixation,none,-0.00024397266255948846,-0.07229949646224865,0.44474359750747683,0.5160490334033966,True
1788254461.9412737,8,fixation,none,-0.003081781504061798,-0.07152393607486052,0.444725775718689,0.5156428456306458,True
1788254461.9709687,8,fixation,none,-0.0018143115076288963,-0.05311206109823141,0.44207610487937926,0.5165356040000916,True
1788254462.0049865,8,fixation,none,-0.0015112272836442786,-0.07569906918814095,0.4386560142040253,0.5154355108737946,True
1788254462.0411508,8,fixation,none,0.0004077785537470735,-0.06719082395054077,0.4371150195598602,0.5153094828128815,True
1788254462.0676875,8,fixation,none,-0.00021034649229212388,-0.08019617276363578,0.4362521588802338,0.5156010150909424,True
1788254462.1244917,8,fixation,none,-0.008545453725701146,-0.06595786978456286,0.43498325943946836,0.5145623326301575,True
1788254462.1542096,8,fixation,none,-0.010658726994682954,-0.0706786838211888,0.4336194276809692,0.5148739218711853,True
1788254462.182203,8,fixation,none,-0.008837062392004102,-0.07876764612875453,0.43293201327323916,0.5150577425956726,True
1788254462.2119753,8,fixation,none,-0.006205114188198579,-0.06575461942402949,0.43179659843444823,0.5153514087200165,True
1788254462.2479386,8,fixation,none,-0.008817206533908384,-0.08132483018988124,0.43096996545791627,0.5149733304977417,True
1788254462.278938,8,fixation,none,-0.004395161449274654,-0.08262694626597078,0.43040797114372253,0.5158539533615112,True
1788254462.3087268,8,fixation,none,-0.008469218468562967,-0.07943603473079208,0.42896745800971986,0.516480004787445,True
1788254462.3447406,8,fixation,none,-0.008424542113224076,-0.07496769585658059,0.42806323170661925,0.5169059813022614,True
1788254462.372552,8,fixation,none,0.001044030042743005,-0.09759954979802843,0.4269906461238861,0.5164115607738495,True
1788254462.4081075,8,fixation,none,-0.0008246073030939716,-0.09024366973721576,0.42566345930099486,0.5176628112792969,True
1788254462.4383545,8,fixation,none,-0.003943503147593064,-0.07101088853159276,0.42485369443893434,0.518557071685791,True
1788254462.469358,8,fixation,none,0.008585265333619696,-0.09923730096510452,0.42419183254241943,0.5185151934623718,True
1788254462.5018837,8,fixation,none,0.005475059611061539,-0.10321107269399099,0.4240543246269226,0.5183025360107422,True
1788254462.5576706,8,fixation,none,0.010225543039575347,-0.08717776025490709,0.4229123592376709,0.5192169308662414,True
1788254462.585167,8,fixation,none,0.005312104725733957,-0.11134353218607074,0.4228547215461731,0.5192799210548401,True
1788254462.615516,8,fixation,none,0.005069317369002291,-0.10949557694919854,0.42228593230247496,0.5188659191131592,True
1788254462.6445107,8,fixation,none,0.004567753044335432,-0.11714768003219767,0.4220409572124481,0.5185986995697022,True
1788254462.6795084,8,fixation,none,0.002953933786698726,-0.11348175044283693,0.4221674263477325,0.519368302822113,True
1788254462.7059245,8,fixation,none,0.0028278351700904425,-0.11930503079076371,0.4218987822532654,0.5198217391967773,True
1788254462.7424543,8,fixation,none,-0.0027394534183674546,-0.13136009990103537,0.421772301197052,0.5203465700149537,True
1788254462.7772973,8,fixation,none,-0.0013584525670059522,-0.10397364890812766,0.4220588207244873,0.5213766098022461,True
1788254462.8054807,8,fixation,none,0.002539678220703112,-0.11893980904557011,0.4222886323928833,0.5215132594108581,True
1788254462.834058,8,fixation,none,-0.00541597751053724,-0.11550082200998402,0.42187455892562864,0.5218137979507447,True
1788254462.8700612,8,fixation,none,-0.005449547612834005,-0.10819839097326689,0.4225053369998932,0.5220705032348633,True
1788254462.9019754,8,fixation,none,-0.001495540058467415,-0.11737051202137394,0.4222200036048889,0.5219041347503662,True
1788254462.9344883,8,fixation,none,-0.003591712291746707,-0.10545500553427223,0.4223457098007202,0.521211850643158,True
1788254462.9900768,8,fixation,none,0.00019985428494806445,-0.10544370829433014,0.4224762856960297,0.5217573404312134,True
1788254463.0095983,8,fixation,none,-0.0030955006049876443,-0.09891024925469127,0.42281649708747865,0.5209653377532959,True
1788254463.0475988,8,fixation,none,-0.0042815364422345015,-0.11837107925249546,0.42302950024604796,0.5220804810523987,True
1788254463.0776055,8,fixation,none,-0.009490858206945396,-0.10053124288342463,0.42344366312026976,0.5223442077636719,True
1788254463.1112142,8,fixation,none,-0.0003455889474723861,-0.11282605137099311,0.4239105641841888,0.522531020641327,True
1788254463.139224,8,fixation,none,-0.00985408527781606,-0.09521428187409742,0.4240585148334503,0.5226217031478881,True
1788254463.1742203,8,fixation,none,-0.01145095535808871,-0.1129394635445885,0.42403597831726075,0.5225009679794311,True
1788254463.207227,8,fixation,none,-0.0029294438025750935,-0.10735209708060811,0.42373926639556886,0.5228538155555725,True
1788254463.2367384,8,fixation,none,-0.005074430139811126,-0.09293984958354895,0.42419682145118714,0.5231346368789673,True
1788254463.2687452,8,fixation,none,-0.004965074070424458,-0.11752168540600372,0.42377334237098696,0.5240449666976928,True
1788254463.3037505,8,fixation,none,-0.005175886207464453,-0.12471629181266408,0.4239617228507996,0.5237876892089843,True
1788254463.3332577,8,fixation,none,-0.008106812306804767,-0.10780856732464728,0.423797470331192,0.5245725870132446,True
1788254463.3682573,8,fixation,none,-0.00983090801242914,-0.1024703983949179,0.4239009618759155,0.5241425037384033,True
1788254463.4002757,8,fixation,none,-0.005099431992136139,-0.11010416879599283,0.4241204738616943,0.5245494842529297,True
1788254463.45478,8,fixation,none,-0.00801378632497285,-0.11141641555098403,0.42437784075737,0.5240948796272278,True
1788254463.473778,8,fixation,none,-0.0016717986278976804,-0.12557927994165774,0.4244405210018158,0.5238986611366272,True
1788254463.5143974,8,fixation,none,-0.0038186709273061448,-0.09926552673227573,0.4241754949092865,0.5245958566665649,True
1788254463.5443969,8,fixation,none,-0.005312540738116378,-0.11658011866368323,0.42489431500434877,0.523399829864502,True
1788254463.5714426,8,fixation,none,0.0009235952520513235,-0.11509532369725317,0.4246790647506714,0.5239285588264465,True
1788254463.6090455,8,fixation,none,-0.008079022319139262,-0.1052752823479759,0.4244172155857086,0.5250466942787171,True
1788254463.6391313,8,fixation,none,-0.01063306970277933,-0.11049952973696453,0.4242572247982025,0.5245695233345031,True
1788254463.6680524,8,fixation,none,-0.007007673546992721,-0.11258148368742682,0.424514377117157,0.5242638349533081,True
1788254463.7010653,8,fixation,none,-0.008864523391221346,-0.1002828908631902,0.4244626879692078,0.525163996219635,True
1788254463.7375908,8,fixation,none,-0.012953629603363548,-0.0994217305938605,0.42471830248832704,0.525173830986023,True
1788254463.7627492,8,fixation,none,-0.009687418388005353,-0.088689282434944,0.4244959354400635,0.5254510283470154,True
1788254463.796867,8,fixation,none,-0.0005670316233378214,-0.09519505073468526,0.42511085867881776,0.5248502731323242,True
1788254463.8295665,8,fixation,none,0.0035599731978289695,-0.12544099150139498,0.42505972385406493,0.5245221376419067,True
1788254463.8871872,8,fixation,none,0.0004876149245643946,-0.11659812135089798,0.4252161979675293,0.5246488571166992,True
1788254463.9062002,8,fixation,none,-0.004893992503157807,-0.08763742436082178,0.42543514370918273,0.5244952440261841,True
1788254463.9467258,8,fixation,none,-0.004750510986192169,-0.1086234356218353,0.4255289673805237,0.524444329738617,True
1788254463.972817,8,fixation,none,-0.004393261721723829,-0.07603364585536687,0.4298421025276184,0.5243308186531067,True
1788254464.0079062,8,fixation,none,0.012223071612130654,-0.0649920242188653,0.4333240747451782,0.5253215193748474,True
1788254464.038553,8,fixation,none,0.005072812394828818,-0.07768180130187874,0.4330830812454224,0.5245098829269409,True
1788254464.071944,8,fixation,none,-0.003275093832818876,-0.07646634318065937,0.43284815549850464,0.5239814639091491,True
1788254464.0999525,8,fixation,none,-5.864486597451091e-05,-0.06672200482218416,0.43335011005401614,0.5248577833175659,True
1788254464.1361496,8,fixation,none,-0.001968057589224248,-0.06811607718296364,0.4336326003074646,0.5249202847480774,True
1788254464.167223,8,fixation,none,-0.0026581951415357574,-0.046183392915337906,0.433478182554245,0.5240535974502564,True
1788254464.1971653,8,fixation,none,-0.002076938795023353,-0.07998699219624539,0.4285224795341492,0.5234172940254211,True
1788254464.2296991,8,fixation,none,0.006459002737553843,-0.09100354764072016,0.4270358145236969,0.5226466059684753,True
1788254464.264699,8,fixation,none,-0.0070570098119463465,-0.0974795985430883,0.4271534502506256,0.5222721457481384,True
1788254464.316223,8,fixation,none,0.0005037905388513009,-0.08097793916861562,0.4271868824958801,0.5230862259864807,True
1788254464.3372276,8,fixation,none,-0.0031796222019563336,-0.08588758292411713,0.4272000968456268,0.5226328134536743,True
1788254464.368556,8,fixation,none,-0.021804660883840365,-0.05289733102718763,0.42675264477729796,0.5244508266448975,True
1788254464.4111218,8,fixation,none,0.004322583309476324,0.0450437594105737,0.42783992290496825,0.528612744808197,True
1788254464.433123,8,fixation,none,-0.013551379213944337,-0.04195587041684068,0.426791113615036,0.5262623429298401,True
1788254464.47228,8,fixation,none,-0.0027525310331110164,-0.08149537395176054,0.42686986923217773,0.5240201711654663,True
1788254464.5022056,8,stimulus,right,-0.011168992021841517,-0.10076556155685679,0.42647781372070315,0.5244545221328736,True
1788254464.537603,8,stimulus,right,-0.00027219163014746695,-0.09042019506333188,0.4262209892272949,0.5238119482994079,True
1788254464.5648134,8,stimulus,right,-0.009395649462740296,-0.09032703119620755,0.42612934708595274,0.5240120172500611,True
1788254464.5988255,8,stimulus,right,-0.01190812106267003,-0.08936676648578812,0.4260283768177032,0.5240767359733581,True
1788254464.630341,8,stimulus,right,-0.008052015185476713,-0.08427381335058015,0.42575680613517763,0.5238489151000977,True
1788254464.6624794,8,stimulus,right,-0.005256376350096015,-0.09627490782045633,0.4253519296646118,0.5245233297348022,True
1788254464.6925366,8,stimulus,right,-0.009916420239996726,-0.07369623447201579,0.42545400857925414,0.5242007493972778,True
1788254464.7540312,8,stimulus,right,-0.010506540483652071,-0.09921036335485611,0.4253007709980011,0.5239678144454956,True
1788254464.7742429,8,stimulus,right,-0.0028470290451981795,-0.11434861172861144,0.425118613243103,0.5247132420539856,True
1788254464.8058681,8,stimulus,right,-0.0066523600211102485,-0.09208018692915088,0.42521749138832093,0.5248658537864686,True
1788254464.8363965,8,stimulus,right,-0.005935435540732281,-0.09911543483088558,0.42505609393119814,0.5249020099639893,True
1788254464.8729794,8,stimulus,right,-0.00040685806998819185,-0.08243323801254454,0.4245980143547058,0.5247108459472656,True
1788254464.8970382,8,stimulus,right,-0.006645947593410972,-0.09287764139850929,0.4248340427875519,0.5242329835891724,True
1788254464.9326668,8,stimulus,right,-0.00726655930778608,-0.1006023112538107,0.4243170440196991,0.5249755501747131,True
1788254464.968579,8,stimulus,right,-0.0002012086268295965,-0.11105552615897052,0.423944491147995,0.5243976354598999,True
1788254464.998592,8,stimulus,right,0.00158340429430337,-0.10724047773387524,0.41965208649635316,0.5242330431938171,True
1788254465.02828,8,stimulus,right,0.019655906031322612,-0.10995845230604884,0.4142011344432831,0.522702980041504,True
1788254465.05809,8,stimulus,right,0.01293452975649545,-0.11562637468933312,0.4049264192581177,0.5184066295623779,True
1788254465.094305,8,stimulus,right,-0.011685509082158485,-0.06267831368651267,0.39496937990188596,0.5130227565765381,True
1788254465.126338,8,stimulus,right,-0.011452037235782586,-0.0775763553563118,0.3854036569595337,0.5101089954376221,True
1788254465.1802175,8,stimulus,right,0.016185135918058813,-0.10069482200785873,0.37847362756729125,0.5050056040287018,True
1788254465.2052782,8,stimulus,right,-0.007788349411587903,-0.09437028998555197,0.3718543410301208,0.5034195005893707,True
1788254465.2332644,8,stimulus,right,-0.011721248746875523,-0.12551061653156426,0.3668939173221588,0.5012327194213867,True
1788254465.2704313,8,stimulus,right,0.011384282992326855,-0.13526571254722008,0.36466834545135496,0.5001206278800965,True
1788254465.3024366,8,stimulus,right,0.011720624864016815,-0.04515428082640671,0.3638392210006714,0.5004526019096375,True
1788254465.331125,8,stimulus,right,0.061545123891488696,0.36094213035017236,0.36235847473144533,0.5042206287384033,True
1788254465.370127,8,stimulus,right,0.10393957956325584,0.27629338005560067,0.36405099630355836,0.5047216236591339,True
1788254465.3993382,8,stimulus,right,0.011233989612687734,-0.0021521083728726076,0.36001427173614503,0.5040465235710144,True
1788254465.4258509,8,stimulus,right,-0.003685423201324256,-0.0597328771548733,0.3589099943637848,0.5018129110336303,True
1788254465.465849,8,stimulus,right,-0.0069869667290105575,-0.10225996781371371,0.35788074135780334,0.5005067467689515,True
1788254465.493851,8,stimulus,right,-0.01736484108425762,-0.12805654090277363,0.3579082489013672,0.4990827918052673,True
1788254465.5284405,8,stimulus,right,-0.010209348968073129,-0.11903536549974225,0.3581665098667145,0.5002624869346619,True
1788254465.5553665,8,stimulus,right,-0.0016806933396557033,-0.024991122738874827,0.3598190665245056,0.5014199435710907,True
1788254465.6169093,8,stimulus,right,0.11889607307352501,0.1836305513379194,0.362393444776535,0.5006784677505494,True
1788254465.6319072,8,stimulus,right,0.07645900025730173,0.23030351589027326,0.3614493191242218,0.5071237444877624,True
1788254465.6769016,8,stimulus,right,0.006059257948076713,-0.00948891035131938,0.3610388398170471,0.5059750437736511,True
1788254465.703915,8,stimulus,right,-0.0007648781061432297,-0.09262078170589394,0.35830543637275697,0.5048060059547425,True
1788254465.7304418,8,stimulus,right,-0.02317523959908563,-0.08388006374000878,0.358295875787735,0.501894724369049,True
1788254465.7715216,8,stimulus,right,-0.006723399325855861,-0.08516827994094744,0.35887489318847654,0.502015334367752,True
1788254465.7974446,8,stimulus,right,0.004448470917592595,-0.09641019986734167,0.358532589673996,0.5020745038986206,True
1788254465.8291373,8,stimulus,right,-0.01489107353710939,-0.1078177863112576,0.35844759941101073,0.5017113804817199,True
1788254465.860139,8,stimulus,right,-0.003925356909855515,-0.08917039043634112,0.35838485360145567,0.5019624590873718,True
1788254465.9011436,8,stimulus,right,-0.03640424329975478,-0.08680590508436925,0.35800009965896606,0.5031718611717224,True
1788254465.931729,8,stimulus,right,-0.007340144556870487,-0.10086352120078823,0.3585192024707794,0.5018804371356964,True
1788254465.956658,8,stimulus,right,-0.012488728286719986,-0.12787292548889584,0.3583043932914734,0.5014190673828125,True
1788254465.9866576,8,stimulus,right,-0.017974876948917973,-0.1088707145843032,0.357940149307251,0.5022052526473999,True
1788254466.0459425,8,stimulus,right,-0.01709153544353892,-0.09259270417856669,0.35839462876319883,0.5023744583129883,True
1788254466.063944,8,stimulus,right,0.049583153864855456,0.13985108878004548,0.36282363533973694,0.507623964548111,True
1788254466.1027348,8,stimulus,right,0.09481888023763896,0.24011290140833985,0.36234189867973327,0.5038616240024567,True
1788254466.1329765,8,stimulus,right,0.00171185634209714,0.010539650268339584,0.36049763560295106,0.5084856808185577,True
1788254466.168973,8,stimulus,right,0.008416921566604563,-0.12830473053457025,0.3594291269779205,0.5027808427810669,True
1788254466.1925488,8,stimulus,right,0.008998990775318183,-0.1420627354423819,0.35930341482162476,0.5012298643589019,True
1788254466.234161,8,stimulus,right,0.006244711502409572,-0.12318757053176921,0.359473329782486,0.5013975143432617,True
1788254466.2630098,8,stimulus,right,0.0064392454148122225,-0.13851570814512137,0.3591715216636658,0.501535052061081,True
1788254466.293499,8,stimulus,right,0.025914506370695145,-0.12705170294167745,0.3600253164768219,0.5016556859016419,True
1788254466.331255,8,stimulus,right,0.012926868782220713,-0.12992322570402415,0.35918633341789247,0.5021967411041259,True
1788254466.3562694,8,stimulus,right,0.007035127823797893,-0.1252840205621577,0.35910621881484983,0.5015050113201142,True
1788254466.391268,8,stimulus,right,0.008988383442063985,-0.12095702711819278,0.35946648716926577,0.5016298770904541,True
1788254466.4206884,8,stimulus,right,0.016924776365258576,-0.12008867567597425,0.36044639348983765,0.5010318875312805,True
1788254466.480517,8,stimulus,right,0.00776333843289978,-0.1299171638028016,0.3602330029010773,0.5010545432567597,True
1788254473.054546,-1,pursuit,none,0.006740589615296888,-0.09231905760186965,0.4147001028060913,0.5011570453643799,True
1788254473.069546,-1,pursuit,none,0.009483739875482566,-0.10366802900716143,0.4149383842945099,0.5006927788257599,True
1788254473.131215,-1,pursuit,none,0.017588425649874062,-0.10755014968224152,0.4159207344055176,0.5001305222511292,True
1788254473.1552072,-1,pursuit,none,0.010666944090762853,-0.10597650180013185,0.4169269919395447,0.4984968364238739,True
1788254473.1851912,-1,pursuit,none,0.01181703164034853,-0.11893244617671972,0.4180223822593689,0.49771417379379274,True
1788254473.2172716,-1,pursuit,none,0.01029175279222072,-0.10154665017276532,0.4196136772632599,0.4971926510334015,True
1788254473.2536795,-1,pursuit,none,0.0068676370998485,-0.09326198196117319,0.4203848659992218,0.4975102603435516,True
1788254473.2786674,-1,pursuit,none,0.008505017243375934,-0.08310195465625747,0.4213481068611145,0.4983642101287842,True
1788254473.3121228,-1,pursuit,none,0.00763516286027921,-0.09662939899072231,0.4231512427330017,0.4990422368049622,True
1788254473.3466587,-1,pursuit,none,0.004320591368717319,-0.09129271108527881,0.42350773215293885,0.49956598281860354,True
1788254473.3736465,-1,pursuit,none,0.006734911217556094,-0.09058259695796433,0.42464480400085447,0.5001213371753692,True
1788254473.4079866,-1,pursuit,none,-0.004065321691687163,-0.11434649881367731,0.4254248082637787,0.49986083507537843,True
1788254473.4396856,-1,pursuit,none,0.0012407576935543618,-0.09970577883552145,0.4259924113750458,0.5004880666732788,True
1788254473.4756813,-1,pursuit,none,-0.020115727736962907,-0.04831953553586654,0.4262426018714905,0.5031233787536621,True
1788254473.500673,-1,pursuit,none,0.05834133505771866,0.24636528849908318,0.4332060754299164,0.5159702062606811,True
1788254473.562495,-1,pursuit,none,0.08663253549548844,0.25283418073468794,0.43369677662849426,0.5147066235542297,True
1788254473.581088,-1,pursuit,none,-0.013905114132115703,0.049211686800470056,0.42569668889045714,0.5057280838489533,True
1788254473.6186817,-1,pursuit,none,-0.010771554697774355,-0.0735039261381073,0.42698236703872683,0.5009859085083008,True
1788254473.6503506,-1,pursuit,none,-0.013329678871539019,-0.09268026899834259,0.42850728034973146,0.5006263494491577,True
1788254473.6803608,-1,pursuit,none,-0.0055844738759427415,-0.10380758681797575,0.4281373083591461,0.5000216245651246,True
1788254473.712873,-1,pursuit,none,-0.008168038465362515,-0.11016146027040452,0.42867478132247927,0.5007667660713195,True
1788254473.7407808,-1,pursuit,none,-0.005503590733984098,-0.10350278074266228,0.42869557738304137,0.5008834481239319,True
1788254473.7819405,-1,pursuit,none,-0.0004682974885786839,-0.09955978815964528,0.4294837057590485,0.5016340553760529,True
1788254473.8044596,-1,pursuit,none,0.0037233243797709648,-0.0974146783862555,0.430462384223938,0.5019927263259888,True
1788254473.8442414,-1,pursuit,none,0.009434919457599222,-0.12022755806543295,0.4305877983570099,0.5019999563694,True
1788254473.8710666,-1,pursuit,none,0.002685934813741908,-0.09606125288690714,0.4300290048122406,0.5024198234081269,True
1788254473.9074528,-1,pursuit,none,-0.000692626421494702,-0.10226593102569803,0.4293238282203674,0.502010440826416,True
1788254473.9360566,-1,pursuit,none,0.0008113878869598912,-0.09523785709356236,0.42855302095413206,0.504485422372818,True
1788254473.9967086,-1,pursuit,none,-0.001626068606833564,-0.10763273018562569,0.427415269613266,0.5044138371944428,True
1788254474.0196445,-1,pursuit,none,0.008268352884496122,-0.12122728469111788,0.42686680555343626,0.5047891497611999,True
1788254474.046248,-1,pursuit,none,0.0024043449595896327,-0.1182537880778477,0.4259147226810455,0.5050346970558166,True
1788254474.0802553,-1,pursuit,none,-0.0008090874414696803,-0.10720528860179268,0.4247379183769226,0.5051287651062012,True
1788254474.110333,-1,pursuit,none,0.002179173944315993,-0.11021486925082813,0.4232076585292816,0.5054957628250122,True
1788254474.1480174,-1,pursuit,none,-0.0053869544946374415,-0.11363965619327732,0.4207503378391266,0.5035077214241028,True
1788254474.1730201,-1,pursuit,none,0.009423004371714505,-0.12249775126035523,0.4196827352046967,0.5039488792419433,True
1788254474.2149765,-1,pursuit,none,0.006399278366654992,-0.09840830417937418,0.4190190315246582,0.5038371324539185,True
1788254474.239708,-1,pursuit,none,0.00020832566477824166,-0.09246909527405567,0.4177339434623718,0.5042744696140289,True
1788254474.2766993,-1,pursuit,none,0.010279223474775834,-0.11326498828834031,0.4175887942314148,0.5047927320003509,True
1788254474.2996962,-1,pursuit,none,0.007218543521591347,-0.10755112479559337,0.4167515218257904,0.5041703104972839,True
1788254474.341377,-1,pursuit,none,0.004182702985063735,-0.11163151773956259,0.4164443910121918,0.5045771837234497,True
1788254474.372965,-1,pursuit,none,0.006092849573611336,-0.10802316338056284,0.4140837788581848,0.504015463590622,True
1788254474.4277358,-1,pursuit,none,0.0073865778854080855,-0.09391554339252606,0.41344229578971864,0.504819905757904,True
1788254474.4497366,-1,pursuit,none,0.007816688396024118,-0.10789695342530814,0.4131255805492401,0.5043358325958252,True
1788254474.4826603,-1,pursuit,none,0.005636377203437681,-0.1297684955419358,0.41294673681259153,0.504502660036087,True
1788254474.5138206,-1,pursuit,none,0.013353242295977785,-0.13218314571764367,0.4130601465702057,0.5053630113601685,True
1788254474.5473392,-1,pursuit,none,0.009199071800295444,-0.135918864006509,0.4129667580127716,0.505776709318161,True
1788254474.578411,-1,pursuit,none,0.013228844029207876,-0.13531623422098182,0.41266913414001466,0.5052066922187806,True
1788254474.6114924,-1,pursuit,none,0.01124081780945807,-0.14100604364798552,0.412919682264328,0.5059584677219391,True
1788254474.639198,-1,pursuit,none,0.0033002545056023402,-0.13836797365491182,0.41310317516326905,0.5057566404342652,True
1788254474.6731963,-1,pursuit,none,0.008049459778564194,-0.14032540290053008,0.4130709648132324,0.5058483719825745,True
1788254474.7051985,-1,pursuit,none,0.010308869718347324,-0.15404783470119376,0.41309463381767275,0.5057557582855224,True
1788254474.7376487,-1,pursuit,none,0.008213640889771057,-0.16935036282558968,0.413471519947052,0.5059000015258789,True
1788254474.7676709,-1,pursuit,none,0.01250270302623313,-0.17915416363750358,0.41337316632270815,0.5066033601760864,True
1788254474.8025765,-1,pursuit,none,0.00947913657543109,-0.1441452119499218,0.41389694809913635,0.5074236154556274,True
1788254474.8602126,-1,pursuit,none,0.012644300923562946,-0.17915927215754146,0.41399905681610105,0.5081576228141784,True
1788254474.8791761,-1,pursuit,none,0.001031000591259601,-0.16767568205348815,0.414206737279892,0.5083483755588531,True
1788254474.9180472,-1,pursuit,none,0.06709691513024074,0.13375151531175855,0.4232437312602997,0.5164540410041809,True
1788254474.9457965,-1,pursuit,none,0.1004431938170256,0.27326696620981916,0.42696684002876284,0.5244538903236389,True
1788254474.976803,-1,pursuit,none,0.045439475526940054,0.10801563512911105,0.4221657276153564,0.5168544530868531,True
1788254475.011879,-1,pursuit,none,-0.009333035290493341,-0.09749714245922037,0.4192493140697479,0.5107663750648499,True
1788254475.040766,-1,pursuit,none,-0.0031044462050103805,-0.11959613719670836,0.41973426938056946,0.5093503594398499,True
1788254475.075688,-1,pursuit,none,0.03998822226833254,0.15989876172683293,0.42610636353492737,0.5191553235054016,True
1788254475.1061146,-1,pursuit,none,0.03995768112680054,0.13306688296954938,0.4241604387760162,0.5178339958190918,True
1788254475.1337948,-1,pursuit,none,-0.005777331290646837,-0.08099668691455353,0.42190507650375364,0.5122955739498138,True
1788254475.170796,-1,pursuit,none,0.00019571516291816415,-0.10660333912966757,0.42242600321769713,0.5122499227523803,True
1788254475.2022738,-1,pursuit,none,0.023015823479770714,0.11345611865298932,0.4269390881061554,0.5182271242141724,True
1788254475.232935,-1,pursuit,none,0.05095666906483043,0.1465993936233685,0.4288699507713318,0.5204574823379516,True
1788254475.2900124,-1,pursuit,none,-0.0056408027621642765,-0.08049648490899308,0.4246864438056946,0.5135109066963196,True
1788254475.3089297,-1,pursuit,none,-0.007394460047740581,-0.135879081864411,0.42514488697052,0.5123702585697174,True
1788254475.3495255,-1,pursuit,none,-0.00781194809799024,-0.051382039183805794,0.42768576741218567,0.515328848361969,True
1788254475.3775277,-1,pursuit,none,0.06676087711600037,0.20529215444779536,0.43398717045783997,0.5265407562255859,True
1788254475.4116292,-1,pursuit,none,-0.029136768675312674,-0.045749689491391576,0.43024636507034303,0.5151935935020446,True
1788254475.4394166,-1,pursuit,none,-0.017439708700238143,-0.110987621059635,0.4323705017566681,0.511929851770401,True
1788254475.475343,-1,pursuit,none,-0.020952535566759356,-0.11692136145520726,0.43194825649261476,0.5119522690773011,True
1788254475.503412,-1,pursuit,none,0.05407405570578827,0.1639198569564087,0.4367437124252319,0.526458477973938,True
1788254475.5381858,-1,pursuit,none,-0.01382254967626817,0.06570282205951128,0.43316901922225953,0.5183933019638062,True
1788254475.568175,-1,pursuit,none,-0.008527687351820634,-0.10833944684726171,0.43447454571723937,0.5130752146244049,True
1788254475.603105,-1,pursuit,none,-0.011284544748194736,-0.11449676646040519,0.4339836001396179,0.5120440363883972,True
1788254475.6296499,-1,pursuit,none,-0.037639623218998275,-0.019228015675940124,0.4343445062637329,0.5145267844200134,True
1788254475.6656508,-1,pursuit,none,0.06391824934050355,0.15496940373603713,0.43824330568313596,0.5280310869216919,True
1788254475.7222016,-1,pursuit,none,-0.027971216556706313,0.0068058802009114405,0.43539727926254274,0.5163977861404419,True
1788254475.7408512,-1,pursuit,none,-0.014888267641043451,-0.10497254433368863,0.43534566164016725,0.5121864438056946,True
1788254475.781922,-1,pursuit,none,-0.02035260092818958,-0.13576578612708368,0.43465129733085633,0.511608463525772,True
1788254475.805203,-1,pursuit,none,-0.010504170634156762,-0.0930851475681882,0.43473153114318847,0.512581753730774,True
1788254475.8427362,-1,pursuit,none,0.01320010951792161,0.09041915787939803,0.43359813690185545,0.5216519236564636,True
1788254475.8737369,-1,pursuit,none,0.087314925296471,0.2674081362441437,0.4376560151576996,0.5285362720489502,True
1788254475.9029317,-1,pursuit,none,0.012354528061057635,0.06695173996381454,0.4321576952934265,0.5219105243682861,True
1788254475.938711,-1,pursuit,none,-0.006886744678516021,-0.10672973720369217,0.4290959000587463,0.5132584929466247,True
1788254475.9687185,-1,pursuit,none,0.0030130772660129646,-0.10389849939886087,0.42898042798042296,0.5124781489372253,True
1788254475.9997237,-1,pursuit,none,-0.014500373127444122,-0.10447716740755242,0.4280195891857147,0.513603925704956,True
1788254476.0324712,-1,pursuit,none,0.058169475120201375,0.1985269944748107,0.4305656671524048,0.5273654341697693,True
1788254476.062472,-1,pursuit,none,0.0763501837910393,0.16754571646741118,0.4311561405658722,0.5264682292938232,True
1788254476.0974774,-1,pursuit,none,-0.015110051758137621,-0.040657735073175605,0.42090914249420164,0.5180316686630249,True
1788254476.153589,-1,pursuit,none,0.003782274036207345,-0.14335284277124527,0.42006054520606995,0.5140377283096313,True
1788254476.1765914,-1,pursuit,none,0.010182407198051968,-0.1721739159988609,0.4192058086395264,0.5125753521919251,True
1788254476.208588,-1,pursuit,none,0.007551956222202949,-0.15752919415895572,0.41823049187660216,0.5137032687664032,True
1788254476.242499,-1,pursuit,none,0.005188100865750056,0.009728571643875639,0.41761820316314696,0.5173091053962707,True
1788254476.2723851,-1,pursuit,none,0.10075737015512926,0.26569815785411016,0.42181411385536194,0.5273059248924256,True
1788254476.3028045,-1,pursuit,none,0.04140652614595186,0.04746555884110415,0.4158422529697418,0.5211002111434937,True
1788254476.3323593,-1,pursuit,none,-0.005808855394058066,-0.10632503712699182,0.4102189660072327,0.5138171255588532,True
1788254476.3644211,-1,pursuit,none,0.011040072774957221,-0.1228045032978784,0.4092737317085266,0.5125499606132508,True
1788254476.3956337,-1,pursuit,none,-0.0005070075614880265,-0.09546806202636393,0.4085382461547852,0.5127204298973084,True
1788254476.428224,-1,pursuit,none,0.00962711122190385,0.049268425683417494,0.4072745978832245,0.5157020688056946,True
1788254476.462646,-1,pursuit,none,0.0006451504257901641,-0.06174056541859485,0.40551177263259885,0.5141135871410369,True
1788254476.5015552,-1,pursuit,none,-0.0008056560997301565,-0.12762790696014825,0.40432417392730713,0.5120919644832611,True
1788254476.5305927,-1,pursuit,none,0.011462838171964362,-0.13981192459292657,0.4040821552276611,0.5114245176315307,True
1788254476.579943,-1,pursuit,none,0.001378616740898786,-0.15454646399791472,0.4042063295841217,0.5115879595279693,True
1788254476.611938,-1,pursuit,none,-0.008614666009099214,-0.01007062328873709,0.405850875377655,0.5176978826522827,True
1788254476.6380553,-1,pursuit,none,0.024466657882271314,0.09800322227022784,0.40861035585403443,0.5184609889984131,True
1788254476.6754298,-1,pursuit,none,-0.0016540970523987175,-0.10692132211299155,0.4036706149578094,0.514772891998291,True
1788254476.7069285,-1,pursuit,none,0.0011978491776493128,-0.12623735334651476,0.4036354303359985,0.5131889224052429,True
1788254476.73506,-1,pursuit,none,0.004540711780576578,-0.15238876701053317,0.4036739468574524,0.5131003737449646,True
1788254476.7702596,-1,pursuit,none,-0.004522903668486289,-0.13062437133041427,0.40421515703201294,0.5147294640541077,True
1788254476.7942657,-1,pursuit,none,0.06138457023684191,0.14021646491492046,0.41178719997406005,0.5217500329017639,True
1788254476.8389587,-1,pursuit,none,0.05585608727476765,0.13829326538138842,0.4124557852745056,0.5238656997680664,True
1788254476.8609638,-1,pursuit,none,-0.007776637361142424,-0.09394816866766986,0.40579926371574404,0.5165556192398071,True
1788254476.8969576,-1,pursuit,none,0.006077667573087253,-0.12345099065920417,0.4061753273010254,0.5157321870326996,True
1788254476.923719,-1,pursuit,none,0.011029516289927654,-0.1220644404475606,0.4065137028694153,0.5151361227035522,True
1788254476.9642355,-1,pursuit,none,-0.008239412419966397,-0.13064112670015815,0.40722914338111876,0.5161316514015197,True
1788254477.0145044,-1,pursuit,none,0.06465167718849169,0.18254981881523152,0.41791543960571287,0.5266427278518677,True
1788254477.034112,-1,pursuit,none,0.047504301402076454,0.13009264088869932,0.4156940639019012,0.5252830147743225,True
1788254477.0759542,-1,pursuit,none,0.0028972572496391846,-0.08018190824491822,0.41404967904090884,0.5196569204330445,True
1788254477.106991,-1,pursuit,none,0.010280793590997983,-0.1161924318387848,0.41341599225997927,0.5184903144836426,True
1788254477.13641,-1,pursuit,none,0.016416968755243788,-0.14077517081639046,0.41486393809318545,0.5179815888404846,True
1788254477.1714108,-1,pursuit,none,-0.011348370495465221,-0.11274048981342966,0.4159464955329895,0.5191773653030396,True
1788254477.2019064,-1,pursuit,none,0.08461700713887765,0.22255068802290434,0.42593058943748474,0.5317449927330017,True
1788254477.2314215,-1,pursuit,none,0.07105378655203204,0.18795739088645036,0.42472222447395325,0.5310828447341919,True
1788254477.2672303,-1,pursuit,none,-0.011742427387682386,-0.07533822451174577,0.42030532360076905,0.5211334824562073,True
1788254477.2982302,-1,pursuit,none,0.002506304831101036,-0.11100904228787056,0.42131840586662295,0.5187848925590515,True
1788254477.3285134,-1,pursuit,none,0.013155256415326444,-0.11913627096531854,0.42227562665939333,0.5180002927780152,True
1788254477.359677,-1,pursuit,none,-0.01439956174355761,-0.04028954585557343,0.4242796182632446,0.5209470748901367,True
1788254477.3936772,-1,pursuit,none,0.08153461607781864,0.27245938932954533,0.43327521085739135,0.5349716544151306,True
1788254477.4482677,-1,pursuit,none,0.04924276568448349,0.14379963045934807,0.4304837048053741,0.5322606682777404,True
1788254477.4802642,-1,pursuit,none,-0.01593129992404918,-0.08755258686089973,0.43120008111000063,0.5195993781089783,True
1788254477.507641,-1,pursuit,none,-0.013574778600773496,-0.11173340214442995,0.4311812877655029,0.5188457012176514,True
1788254477.5361505,-1,pursuit,none,-0.007671691160121452,-0.12302153933691518,0.4314331352710724,0.5179504156112671,True
1788254477.56865,-1,pursuit,none,-0.020774545913946008,-0.10745110187724816,0.43153650760650636,0.5189856290817261,True
1788254477.6016464,-1,pursuit,none,0.0518670464601792,0.1228451301174186,0.4353176772594452,0.5309921860694885,True
1788254477.6307876,-1,pursuit,none,0.025871672662611478,0.07417239555084831,0.4317991495132446,0.5269794225692749,True
1788254477.66496,-1,pursuit,none,-0.01288223045680359,-0.11726067164895859,0.4337698757648468,0.5196802139282226,True
1788254477.6989598,-1,pursuit,none,-0.0010343894317131896,-0.11825722919634074,0.433885794878006,0.5177342057228088,True
1788254477.724972,-1,pursuit,none,-0.008357330354532344,-0.10980187491076121,0.4338951468467712,0.518709146976471,True
1788254477.7650592,-1,pursuit,none,0.02480362767216282,0.10650658732378415,0.4358854711055756,0.5304015278816223,True
1788254477.7932525,-1,pursuit,none,0.05257888267248323,0.14232703758166076,0.43417067527770997,0.5289746642112731,True
1788254477.8262737,-1,pursuit,none,-0.004903420960037486,-0.09741790414781848,0.4320481777191162,0.5205860376358032,True
1788254477.883688,-1,pursuit,none,-0.030597263485942272,-0.10600704760622293,0.4314372599124908,0.5192218661308289,True
1788254477.9069037,-1,pursuit,none,-0.013805699526359239,-0.11441438292168415,0.43144485354423523,0.5194640040397644,True
1788254477.9375927,-1,pursuit,none,-0.0007808967723165194,0.0626802283947051,0.4316743791103363,0.524207329750061,True
1788254477.9660761,-1,pursuit,none,0.029527360319836826,0.0879077479239403,0.432032036781311,0.5262898445129395,True
1788254478.0080779,-1,pursuit,none,-0.02063897572354645,-0.09223379471763304,0.42789952754974364,0.5196470975875854,True
1788254478.028114,-1,pursuit,none,0.006375394159002679,-0.10085045368921253,0.4268336832523346,0.5186558485031127,True
1788254478.0703232,-1,pursuit,none,0.008583426986609743,-0.11330843104337451,0.42633384466171265,0.5191906452178955,True
1788254478.096383,-1,pursuit,none,0.017364499363690444,0.06166162047727308,0.42740834355354307,0.5279165744781494,True
1788254478.1274729,-1,pursuit,none,0.054251797867054585,0.1838968590533855,0.4269785225391388,0.5291326403617859,True
1788254478.1629894,-1,pursuit,none,-0.010915048213187117,-0.018361317736774296,0.4191236913204193,0.5217341780662537,True
1788254478.1899922,-1,pursuit,none,0.008945956750329498,-0.14434438121349713,0.4188928663730621,0.5210396647453308,True
1788254478.2253942,-1,pursuit,none,0.005168405172465973,-0.1625608422885012,0.4173020958900452,0.5205707430839539,True
1788254478.2574172,-1,pursuit,none,-0.0027970990791089667,-0.13968421600865089,0.41550682187080384,0.5204141974449158,True
1788254478.3174193,-1,pursuit,none,0.052028812791938606,0.11541172177021419,0.41764485239982607,0.5256103873252869,True
1788254478.3392668,-1,pursuit,none,0.08381047801966224,0.13564114710409036,0.41820276975631715,0.5275071501731873,True
1788254478.3642652,-1,pursuit,none,-0.005019011339478685,-0.05231194004732087,0.4068788766860962,0.5194003701210022,True
1788254478.4052658,-1,pursuit,none,0.009431194620619143,-0.1402760155940086,0.4050030827522278,0.5166929721832275,True
1788254478.4347973,-1,pursuit,none,0.014082548337166378,-0.1633695076153553,0.4032262206077576,0.5155368566513061,True
1788254478.4637387,-1,pursuit,none,-0.01730407784751653,-0.09113913746226032,0.4021872043609619,0.5158142030239106,True
1788254478.4987333,-1,pursuit,none,0.09196379308019581,0.22857208579206995,0.4082117438316345,0.5259943723678588,True
1788254478.529191,-1,pursuit,none,0.03682859596883781,0.14127839399520115,0.4012827157974243,0.5209480881690979,True
1788254478.5617063,-1,pursuit,none,-0.00850489445848479,-0.08158581129911635,0.396622097492218,0.5165077686309815,True
1788254478.5926642,-1,pursuit,none,0.008183556132912773,-0.10702505586636613,0.3963865160942078,0.5138332188129425,True
1788254478.6237366,-1,pursuit,none,0.005599767043741322,-0.1623854139142612,0.3965951383113861,0.5140483498573303,True
1788254478.654767,-1,pursuit,none,-0.00455629473376129,-0.08830792266668075,0.39619081020355223,0.5170469641685486,True
1788254478.6947696,-1,pursuit,none,0.0449565928317342,0.19658607937525696,0.404602575302124,0.526472270488739,True
1788254478.7453496,-1,pursuit,none,0.019456881144681915,0.055028062174890424,0.3991203188896179,0.5210752248764038,True
1788254478.7736027,-1,pursuit,none,0.0008656779051025021,-0.08912230135947963,0.3968779265880585,0.5181931614875793,True
1788254478.7976038,-1,pursuit,none,0.002859190993223626,-0.1104741055455527,0.39688348174095156,0.5164608955383301,True
1788254478.8361368,-1,pursuit,none,0.012962722254012848,-0.1276115626373544,0.3983187437057495,0.5166888117790223,True
1788254478.863553,-1,pursuit,none,0.022435507548819844,0.10670666786612093,0.4016283452510834,0.5220199942588806,True
1788254478.8995574,-1,pursuit,none,0.05847812450872669,0.2244932288428848,0.4076990485191345,0.5310329318046569,True
1788254478.9265673,-1,pursuit,none,0.03091158858132037,0.08332463589923034,0.4076825678348541,0.5239974021911621,True
1788254478.954863,-1,pursuit,none,0.0014785156537667765,-0.11020754326036597,0.40820518136024475,0.5208757996559144,True
1788254478.9958644,-1,pursuit,none,0.017894347243726405,-0.12619555684086525,0.40980241298675535,0.518952202796936,True
1788254479.021867,-1,pursuit,none,-0.01022783806070271,-0.12002216436446234,0.41287827491760254,0.520375669002533,True
1788254479.0629451,-1,pursuit,none,0.062136872806991095,0.14855009598160018,0.4199064314365387,0.5320566534996033,True
